This is LuaHBTeX, Version 1.18.0 (TeX Live 2025/dev/Debian)  (format=lualatex 2026.9.14)  14 SEP 2026 17:31
 system commands enabled.
**/app/reports/lineup_report.tex
(/app/reports/lineup_report.tex
LaTeX2e <2024-11-01> patch level 2
L3 programming layer <2025-01-18>
Lua module: luaotfload 2024-12-03 v3.29 Lua based OpenType font support
Lua module: lualibs 2023-07-13 v2.76 ConTeXt Lua standard libraries.
Lua module: lualibs-extended 2023-07-13 v2.76 ConTeXt Lua libraries -- extended 
collection.
luaotfload | conf : Root cache directory is "/var/lib/texmf/luatex-cache/generic
/names".
luaotfload | init : Loading fontloader "fontloader-2023-12-28.lua" from kpse-res
olved path "/usr/share/texlive/texmf-dist/tex/luatex/luaotfload/fontloader-2023-
12-28.lua".
Lua-only attribute luaotfload@noligature = 1
luaotfload | init : Context OpenType loader version 3.134
Inserting `luaotfload.node_processor' in `pre_linebreak_filter'.
Inserting `luaotfload.node_processor' in `hpack_filter'.
Inserting `luaotfload.glyph_stream' in `glyph_stream_provider'.
Inserting `luaotfload.define_font' in `define_font'.
Lua-only attribute luaotfload_color_attribute = 2
luaotfload | conf : Root cache directory is "/var/lib/texmf/luatex-cache/generic
/names".
Inserting `luaotfload.harf.strip_prefix' in `find_opentype_file'.
Inserting `luaotfload.harf.strip_prefix' in `find_truetype_file'.
Removing  `luaotfload.glyph_stream' from `glyph_stream_provider'.
Inserting `luaotfload.harf.glyphstream' in `glyph_stream_provider'.
Inserting `luaotfload.harf.finalize_vlist' in `post_linebreak_filter'.
Inserting `luaotfload.harf.finalize_hlist' in `hpack_filter'.
Inserting `luaotfload.cleanup_files' in `wrapup_run'.
Inserting `luaotfload.harf.finalize_unicode' in `finish_pdffile'.
Inserting `luaotfload.glyphinfo' in `glyph_info'.
Lua-only attribute luaotfload.letterspace_done = 3
Inserting `luaotfload.aux.set_sscale_dimens' in `luaotfload.patch_font'.
Inserting `luaotfload.aux.set_font_index' in `luaotfload.patch_font'.
Inserting `luaotfload.aux.patch_cambria_domh' in `luaotfload.patch_font'.
Inserting `luaotfload.aux.fixup_fontdata' in `luaotfload.patch_font_unsafe'.
Inserting `luaotfload.aux.set_capheight' in `luaotfload.patch_font'.
Inserting `luaotfload.aux.set_xheight' in `luaotfload.patch_font'.
Inserting `luaotfload.rewrite_fontname' in `luaotfload.patch_font'.
Inserting `tracingstacklevels' in `input_level_string'. (/usr/share/texlive/tex
mf-dist/tex/latex/base/article.cls
Document Class: article 2024/06/29 v1.4n Standard LaTeX document class
(/usr/share/texlive/texmf-dist/tex/latex/base/size11.clo
File: size11.clo 2024/06/29 v1.4n Standard LaTeX file (size option)
luaotfload | db : Font names database loaded from /var/lib/texmf/luatex-cache/ge
neric/names/luaotfload-names.luc.gz)
\c@part=\count194
\c@section=\count195
\c@subsection=\count196
\c@subsubsection=\count197
\c@paragraph=\count198
\c@subparagraph=\count199
\c@figure=\count266
\c@table=\count267
\abovecaptionskip=\skip49
\belowcaptionskip=\skip50
\bibindent=\dimen140
)
(/usr/share/texlive/texmf-dist/tex/latex/geometry/geometry.sty
Package: geometry 2020/01/02 v5.9 Page Geometry

(/usr/share/texlive/texmf-dist/tex/latex/graphics/keyval.sty
Package: keyval 2022/05/29 v1.15 key=value parser (DPC)
\KV@toks@=\toks17
)
(/usr/share/texlive/texmf-dist/tex/generic/iftex/ifvtex.sty
Package: ifvtex 2019/10/25 v1.7 ifvtex legacy package. Use iftex instead.

(/usr/share/texlive/texmf-dist/tex/generic/iftex/iftex.sty
Package: iftex 2024/12/12 v1.0g TeX engine tests
))
\Gm@cnth=\count268
\Gm@cntv=\count269
\c@Gm@tempcnt=\count270
\Gm@bindingoffset=\dimen141
\Gm@wd@mp=\dimen142
\Gm@odd@mp=\dimen143
\Gm@even@mp=\dimen144
\Gm@layoutwidth=\dimen145
\Gm@layoutheight=\dimen146
\Gm@layouthoffset=\dimen147
\Gm@layoutvoffset=\dimen148
\Gm@dimlist=\toks18
)
(/usr/share/texlive/texmf-dist/tex/latex/pgf/frontendlayer/tikz.sty
(/usr/share/texlive/texmf-dist/tex/latex/pgf/basiclayer/pgf.sty
(/usr/share/texlive/texmf-dist/tex/latex/pgf/utilities/pgfrcs.sty
(/usr/share/texlive/texmf-dist/tex/generic/pgf/utilities/pgfutil-common.tex
\pgfutil@everybye=\toks19
\pgfutil@tempdima=\dimen149
\pgfutil@tempdimb=\dimen150
)
(/usr/share/texlive/texmf-dist/tex/generic/pgf/utilities/pgfutil-latex.def
\pgfutil@abb=\box52
)
(/usr/share/texlive/texmf-dist/tex/generic/pgf/utilities/pgfrcs.code.tex
(/usr/share/texlive/texmf-dist/tex/generic/pgf/pgf.revision.tex)
Package: pgfrcs 2023-01-15 v3.1.10 (3.1.10)
))
Package: pgf 2023-01-15 v3.1.10 (3.1.10)

(/usr/share/texlive/texmf-dist/tex/latex/pgf/basiclayer/pgfcore.sty
(/usr/share/texlive/texmf-dist/tex/latex/graphics/graphicx.sty
Package: graphicx 2021/09/16 v1.2d Enhanced LaTeX Graphics (DPC,SPQR)

(/usr/share/texlive/texmf-dist/tex/latex/graphics/graphics.sty
Package: graphics 2024/08/06 v1.4g Standard LaTeX Graphics (DPC,SPQR)

(/usr/share/texlive/texmf-dist/tex/latex/graphics/trig.sty
Package: trig 2023/12/02 v1.11 sin cos tan (DPC)
)
(/usr/share/texlive/texmf-dist/tex/latex/graphics-cfg/graphics.cfg
File: graphics.cfg 2016/06/04 v1.11 sample graphics configuration
)
Package graphics Info: Driver file: luatex.def on input line 106.

(/usr/share/texlive/texmf-dist/tex/latex/graphics-def/luatex.def
File: luatex.def 2024/04/13 v1.2e Graphics/color driver for luatex
))
\Gin@req@height=\dimen151
\Gin@req@width=\dimen152
)
(/usr/share/texlive/texmf-dist/tex/latex/pgf/systemlayer/pgfsys.sty
(/usr/share/texlive/texmf-dist/tex/generic/pgf/systemlayer/pgfsys.code.tex
Package: pgfsys 2023-01-15 v3.1.10 (3.1.10)

(/usr/share/texlive/texmf-dist/tex/generic/pgf/utilities/pgfkeys.code.tex
\pgfkeys@pathtoks=\toks20
\pgfkeys@temptoks=\toks21

(/usr/share/texlive/texmf-dist/tex/generic/pgf/utilities/pgfkeyslibraryfiltered
.code.tex
\pgfkeys@tmptoks=\toks22
))
\pgf@x=\dimen153
\pgf@y=\dimen154
\pgf@xa=\dimen155
\pgf@ya=\dimen156
\pgf@xb=\dimen157
\pgf@yb=\dimen158
\pgf@xc=\dimen159
\pgf@yc=\dimen160
\pgf@xd=\dimen161
\pgf@yd=\dimen162
\w@pgf@writea=\write3
\r@pgf@reada=\read2
\c@pgf@counta=\count271
\c@pgf@countb=\count272
\c@pgf@countc=\count273
\c@pgf@countd=\count274
\t@pgf@toka=\toks23
\t@pgf@tokb=\toks24
\t@pgf@tokc=\toks25
\pgf@sys@id@count=\count275
 (/usr/share/texlive/texmf-dist/tex/generic/pgf/systemlayer/pgf.cfg
File: pgf.cfg 2023-01-15 v3.1.10 (3.1.10)
)
Driver file for pgf: pgfsys-luatex.def
(/usr/share/texlive/texmf-dist/tex/generic/pgf/systemlayer/pgfsys-luatex.def
File: pgfsys-luatex.def 2023-01-15 v3.1.10 (3.1.10)

(/usr/share/texlive/texmf-dist/tex/generic/pgf/systemlayer/pgfsys-common-pdf.de
f
File: pgfsys-common-pdf.def 2023-01-15 v3.1.10 (3.1.10)
)))
(/usr/share/texlive/texmf-dist/tex/generic/pgf/systemlayer/pgfsyssoftpath.code.
tex
File: pgfsyssoftpath.code.tex 2023-01-15 v3.1.10 (3.1.10)
\pgfsyssoftpath@smallbuffer@items=\count276
\pgfsyssoftpath@bigbuffer@items=\count277
)
(/usr/share/texlive/texmf-dist/tex/generic/pgf/systemlayer/pgfsysprotocol.code.
tex
File: pgfsysprotocol.code.tex 2023-01-15 v3.1.10 (3.1.10)
)) (/usr/share/texlive/texmf-dist/tex/latex/xcolor/xcolor.sty
Package: xcolor 2024/09/29 v3.02 LaTeX color extensions (UK)

(/usr/share/texlive/texmf-dist/tex/latex/graphics-cfg/color.cfg
File: color.cfg 2016/01/02 v1.6 sample color configuration
)
Package xcolor Info: Driver file: luatex.def on input line 274.

(/usr/share/texlive/texmf-dist/tex/latex/graphics/mathcolor.ltx)
Package xcolor Info: Model `cmy' substituted by `cmy0' on input line 1349.
Package xcolor Info: Model `hsb' substituted by `rgb' on input line 1353.
Package xcolor Info: Model `RGB' extended on input line 1365.
Package xcolor Info: Model `HTML' substituted by `rgb' on input line 1367.
Package xcolor Info: Model `Hsb' substituted by `hsb' on input line 1368.
Package xcolor Info: Model `tHsb' substituted by `hsb' on input line 1369.
Package xcolor Info: Model `HSB' substituted by `hsb' on input line 1370.
Package xcolor Info: Model `Gray' substituted by `gray' on input line 1371.
Package xcolor Info: Model `wave' substituted by `hsb' on input line 1372.
)
(/usr/share/texlive/texmf-dist/tex/generic/pgf/basiclayer/pgfcore.code.tex
Package: pgfcore 2023-01-15 v3.1.10 (3.1.10)

(/usr/share/texlive/texmf-dist/tex/generic/pgf/math/pgfmath.code.tex
(/usr/share/texlive/texmf-dist/tex/generic/pgf/math/pgfmathutil.code.tex)
(/usr/share/texlive/texmf-dist/tex/generic/pgf/math/pgfmathparser.code.tex
\pgfmath@dimen=\dimen163
\pgfmath@count=\count278
\pgfmath@box=\box53
\pgfmath@toks=\toks26
\pgfmath@stack@operand=\toks27
\pgfmath@stack@operation=\toks28
)
(/usr/share/texlive/texmf-dist/tex/generic/pgf/math/pgfmathfunctions.code.tex)
(/usr/share/texlive/texmf-dist/tex/generic/pgf/math/pgfmathfunctions.basic.code
.tex)
(/usr/share/texlive/texmf-dist/tex/generic/pgf/math/pgfmathfunctions.trigonomet
ric.code.tex)
(/usr/share/texlive/texmf-dist/tex/generic/pgf/math/pgfmathfunctions.random.cod
e.tex)
(/usr/share/texlive/texmf-dist/tex/generic/pgf/math/pgfmathfunctions.comparison
.code.tex)
(/usr/share/texlive/texmf-dist/tex/generic/pgf/math/pgfmathfunctions.base.code.
tex)
(/usr/share/texlive/texmf-dist/tex/generic/pgf/math/pgfmathfunctions.round.code
.tex)
(/usr/share/texlive/texmf-dist/tex/generic/pgf/math/pgfmathfunctions.misc.code.
tex)
(/usr/share/texlive/texmf-dist/tex/generic/pgf/math/pgfmathfunctions.integerari
thmetics.code.tex)
(/usr/share/texlive/texmf-dist/tex/generic/pgf/math/pgfmathcalc.code.tex)
(/usr/share/texlive/texmf-dist/tex/generic/pgf/math/pgfmathfloat.code.tex
\c@pgfmathroundto@lastzeros=\count279
))
(/usr/share/texlive/texmf-dist/tex/generic/pgf/math/pgfint.code.tex)
(/usr/share/texlive/texmf-dist/tex/generic/pgf/basiclayer/pgfcorepoints.code.te
x
File: pgfcorepoints.code.tex 2023-01-15 v3.1.10 (3.1.10)
\pgf@picminx=\dimen164
\pgf@picmaxx=\dimen165
\pgf@picminy=\dimen166
\pgf@picmaxy=\dimen167
\pgf@pathminx=\dimen168
\pgf@pathmaxx=\dimen169
\pgf@pathminy=\dimen170
\pgf@pathmaxy=\dimen171
\pgf@xx=\dimen172
\pgf@xy=\dimen173
\pgf@yx=\dimen174
\pgf@yy=\dimen175
\pgf@zx=\dimen176
\pgf@zy=\dimen177
)
(/usr/share/texlive/texmf-dist/tex/generic/pgf/basiclayer/pgfcorepathconstruct.
code.tex
File: pgfcorepathconstruct.code.tex 2023-01-15 v3.1.10 (3.1.10)
\pgf@path@lastx=\dimen178
\pgf@path@lasty=\dimen179
)
(/usr/share/texlive/texmf-dist/tex/generic/pgf/basiclayer/pgfcorepathusage.code
.tex
File: pgfcorepathusage.code.tex 2023-01-15 v3.1.10 (3.1.10)
\pgf@shorten@end@additional=\dimen180
\pgf@shorten@start@additional=\dimen181
)
(/usr/share/texlive/texmf-dist/tex/generic/pgf/basiclayer/pgfcorescopes.code.te
x
File: pgfcorescopes.code.tex 2023-01-15 v3.1.10 (3.1.10)
\pgfpic=\box54
\pgf@hbox=\box55
\pgf@layerbox@main=\box56
\pgf@picture@serial@count=\count280
)
(/usr/share/texlive/texmf-dist/tex/generic/pgf/basiclayer/pgfcoregraphicstate.c
ode.tex
File: pgfcoregraphicstate.code.tex 2023-01-15 v3.1.10 (3.1.10)
\pgflinewidth=\dimen182
)
(/usr/share/texlive/texmf-dist/tex/generic/pgf/basiclayer/pgfcoretransformation
s.code.tex
File: pgfcoretransformations.code.tex 2023-01-15 v3.1.10 (3.1.10)
\pgf@pt@x=\dimen183
\pgf@pt@y=\dimen184
\pgf@pt@temp=\dimen185
)
(/usr/share/texlive/texmf-dist/tex/generic/pgf/basiclayer/pgfcorequick.code.tex
File: pgfcorequick.code.tex 2023-01-15 v3.1.10 (3.1.10)
)
(/usr/share/texlive/texmf-dist/tex/generic/pgf/basiclayer/pgfcoreobjects.code.t
ex
File: pgfcoreobjects.code.tex 2023-01-15 v3.1.10 (3.1.10)
)
(/usr/share/texlive/texmf-dist/tex/generic/pgf/basiclayer/pgfcorepathprocessing
.code.tex
File: pgfcorepathprocessing.code.tex 2023-01-15 v3.1.10 (3.1.10)
)
(/usr/share/texlive/texmf-dist/tex/generic/pgf/basiclayer/pgfcorearrows.code.te
x
File: pgfcorearrows.code.tex 2023-01-15 v3.1.10 (3.1.10)
\pgfarrowsep=\dimen186
)
(/usr/share/texlive/texmf-dist/tex/generic/pgf/basiclayer/pgfcoreshade.code.tex
File: pgfcoreshade.code.tex 2023-01-15 v3.1.10 (3.1.10)
\pgf@max=\dimen187
\pgf@sys@shading@range@num=\count281
\pgf@shadingcount=\count282
)
(/usr/share/texlive/texmf-dist/tex/generic/pgf/basiclayer/pgfcoreimage.code.tex
File: pgfcoreimage.code.tex 2023-01-15 v3.1.10 (3.1.10)
)
(/usr/share/texlive/texmf-dist/tex/generic/pgf/basiclayer/pgfcoreexternal.code.
tex
File: pgfcoreexternal.code.tex 2023-01-15 v3.1.10 (3.1.10)
\pgfexternal@startupbox=\box57
)
(/usr/share/texlive/texmf-dist/tex/generic/pgf/basiclayer/pgfcorelayers.code.te
x
File: pgfcorelayers.code.tex 2023-01-15 v3.1.10 (3.1.10)
)
(/usr/share/texlive/texmf-dist/tex/generic/pgf/basiclayer/pgfcoretransparency.c
ode.tex
File: pgfcoretransparency.code.tex 2023-01-15 v3.1.10 (3.1.10)
)
(/usr/share/texlive/texmf-dist/tex/generic/pgf/basiclayer/pgfcorepatterns.code.
tex
File: pgfcorepatterns.code.tex 2023-01-15 v3.1.10 (3.1.10)
)
(/usr/share/texlive/texmf-dist/tex/generic/pgf/basiclayer/pgfcorerdf.code.tex
File: pgfcorerdf.code.tex 2023-01-15 v3.1.10 (3.1.10)
)))
(/usr/share/texlive/texmf-dist/tex/generic/pgf/modules/pgfmoduleshapes.code.tex
File: pgfmoduleshapes.code.tex 2023-01-15 v3.1.10 (3.1.10)
\pgfnodeparttextbox=\box58
) (/usr/share/texlive/texmf-dist/tex/generic/pgf/modules/pgfmoduleplot.code.tex
File: pgfmoduleplot.code.tex 2023-01-15 v3.1.10 (3.1.10)
)
(/usr/share/texlive/texmf-dist/tex/latex/pgf/compatibility/pgfcomp-version-0-65
.sty
Package: pgfcomp-version-0-65 2023-01-15 v3.1.10 (3.1.10)
\pgf@nodesepstart=\dimen188
\pgf@nodesepend=\dimen189
)
(/usr/share/texlive/texmf-dist/tex/latex/pgf/compatibility/pgfcomp-version-1-18
.sty
Package: pgfcomp-version-1-18 2023-01-15 v3.1.10 (3.1.10)
)) (/usr/share/texlive/texmf-dist/tex/latex/pgf/utilities/pgffor.sty
(/usr/share/texlive/texmf-dist/tex/latex/pgf/utilities/pgfkeys.sty
(/usr/share/texlive/texmf-dist/tex/generic/pgf/utilities/pgfkeys.code.tex))
(/usr/share/texlive/texmf-dist/tex/latex/pgf/math/pgfmath.sty
(/usr/share/texlive/texmf-dist/tex/generic/pgf/math/pgfmath.code.tex))
(/usr/share/texlive/texmf-dist/tex/generic/pgf/utilities/pgffor.code.tex
Package: pgffor 2023-01-15 v3.1.10 (3.1.10)
\pgffor@iter=\dimen190
\pgffor@skip=\dimen191
\pgffor@stack=\toks29
\pgffor@toks=\toks30
))
(/usr/share/texlive/texmf-dist/tex/generic/pgf/frontendlayer/tikz/tikz.code.tex
Package: tikz 2023-01-15 v3.1.10 (3.1.10)

(/usr/share/texlive/texmf-dist/tex/generic/pgf/libraries/pgflibraryplothandlers
.code.tex
File: pgflibraryplothandlers.code.tex 2023-01-15 v3.1.10 (3.1.10)
\pgf@plot@mark@count=\count283
\pgfplotmarksize=\dimen192
)
\tikz@lastx=\dimen193
\tikz@lasty=\dimen194
\tikz@lastxsaved=\dimen195
\tikz@lastysaved=\dimen196
\tikz@lastmovetox=\dimen197
\tikz@lastmovetoy=\dimen198
\tikzleveldistance=\dimen199
\tikzsiblingdistance=\dimen256
\tikz@figbox=\box59
\tikz@figbox@bg=\box60
\tikz@tempbox=\box61
\tikz@tempbox@bg=\box62
\tikztreelevel=\count284
\tikznumberofchildren=\count285
\tikznumberofcurrentchild=\count286
\tikz@fig@count=\count287

(/usr/share/texlive/texmf-dist/tex/generic/pgf/modules/pgfmodulematrix.code.tex
File: pgfmodulematrix.code.tex 2023-01-15 v3.1.10 (3.1.10)
\pgfmatrixcurrentrow=\count288
\pgfmatrixcurrentcolumn=\count289
\pgf@matrix@numberofcolumns=\count290
)
\tikz@expandcount=\count291

(/usr/share/texlive/texmf-dist/tex/generic/pgf/frontendlayer/tikz/libraries/tik
zlibrarytopaths.code.tex
File: tikzlibrarytopaths.code.tex 2023-01-15 v3.1.10 (3.1.10)
)))
(/usr/share/texlive/texmf-dist/tex/latex/svg/svg.sty
Package: svg 2020/11/26 v2.02k (include SVG pictures)

(/usr/share/texlive/texmf-dist/tex/latex/koma-script/scrbase.sty
Package: scrbase 2024/10/24 v3.43 KOMA-Script package (KOMA-Script-independent 
basics and keyval usage)

(/usr/share/texlive/texmf-dist/tex/latex/koma-script/scrlfile.sty
Package: scrlfile 2024/10/24 v3.43 KOMA-Script package (file load hooks)

(/usr/share/texlive/texmf-dist/tex/latex/koma-script/scrlfile-hook.sty
Package: scrlfile-hook 2024/10/24 v3.43 KOMA-Script package (using LaTeX hooks)


(/usr/share/texlive/texmf-dist/tex/latex/koma-script/scrlogo.sty
Package: scrlogo 2024/10/24 v3.43 KOMA-Script package (logo)
)))
Applying: [2021/05/01] Usage of raw or classic option list on input line 254.
Already applied: [0000/00/00] Usage of raw or classic option list on input line
 370.
)
(/usr/share/texlive/texmf-dist/tex/generic/pdftexcmds/pdftexcmds.sty
Package: pdftexcmds 2020-06-27 v0.33 Utility functions of pdfTeX for LuaTeX (HO
)

(/usr/share/texlive/texmf-dist/tex/generic/infwarerr/infwarerr.sty
Package: infwarerr 2019/12/03 v1.5 Providing info/warning/error messages (HO)
)
(/usr/share/texlive/texmf-dist/tex/generic/ltxcmds/ltxcmds.sty
Package: ltxcmds 2023-12-04 v1.26 LaTeX kernel commands for general use (HO)
)
Package pdftexcmds Info: \pdf@primitive is available.
Package pdftexcmds Info: \pdf@ifprimitive is available.
Package pdftexcmds Info: \pdfdraftmode found.
\pdftexcmds@toks=\toks31
)
(/usr/share/texlive/texmf-dist/tex/latex/trimspaces/trimspaces.sty
Package: trimspaces 2009/09/17 v1.1 Trim spaces around a token list
)
(/usr/share/texlive/texmf-dist/tex/latex/tools/shellesc.sty
Package: shellesc 2023/07/08 v1.0d unified shell escape interface for LaTeX
Package shellesc Info: Unrestricted shell escape enabled on input line 75.
)
(/usr/share/texlive/texmf-dist/tex/latex/ifplatform/ifplatform.sty
Package: ifplatform 2017/10/13 v0.4a Testing for the operating system

(/usr/share/texlive/texmf-dist/tex/generic/catchfile/catchfile.sty
Package: catchfile 2019/12/09 v1.8 Catch the contents of a file (HO)

(/usr/share/texlive/texmf-dist/tex/generic/etexcmds/etexcmds.sty
Package: etexcmds 2019/12/15 v1.7 Avoid name clashes with e-TeX commands (HO)
))
(/usr/share/texlive/texmf-dist/tex/generic/iftex/ifluatex.sty
Package: ifluatex 2019/10/25 v1.5 ifluatex legacy package. Use iftex instead.
)
runsystem(uname -s > "lineup_report.w18")...executed.

(./lineup_report.w18)
runsystem(rm -- "lineup_report.w18")...executed.
)
\c@svg@param@lastpage=\count292
\svg@box=\box63
\c@svg@param@currpage=\count293
)
(/usr/share/texlive/texmf-dist/tex/latex/transparent/transparent.sty
Package: transparent 2022-10-27 v1.5 Transparency with color stacks

(/usr/share/texlive/texmf-dist/tex/latex/transparent/transparent-nometadata.sty
Package: transparent-nometadata 2022-10-27 v1.5 Transparency via pdfTeX's color
 stack (HO)
(/usr/share/texlive/texmf-dist/tex/latex/auxhook/auxhook.sty
Package: auxhook 2019-12-17 v1.6 Hooks for auxiliary files (HO)
)))
(/usr/share/texlive/texmf-dist/tex/latex/tools/tabularx.sty
Package: tabularx 2023/12/11 v2.12a `tabularx' package (DPC)

(/usr/share/texlive/texmf-dist/tex/latex/tools/array.sty
Package: array 2024/10/17 v2.6g Tabular extension package (FMi)
\col@sep=\dimen257
\ar@mcellbox=\box64
\extrarowheight=\dimen258
\NC@list=\toks32
\extratabsurround=\skip51
\backup@length=\skip52
\ar@cellbox=\box65
)
\TX@col@width=\dimen259
\TX@old@table=\dimen260
\TX@old@col=\dimen261
\TX@target=\dimen262
\TX@delta=\dimen263
\TX@cols=\count294
\TX@ftn=\toks33
)
(/usr/share/texlive/texmf-dist/tex/latex/fontspec/fontspec.sty
(/usr/share/texlive/texmf-dist/tex/latex/l3packages/xparse/xparse.sty
(/usr/share/texlive/texmf-dist/tex/latex/l3kernel/expl3.sty
Package: expl3 2025-01-18 L3 programming layer (loader) 

(/usr/share/texlive/texmf-dist/tex/latex/l3backend/l3backend-luatex.def
File: l3backend-luatex.def 2024-05-08 L3 backend support: PDF output (LuaTeX)
\l__color_backend_stack_int=\count295
Inserting `l3color' in `luaotfload.parse_color'.
\l__pdf_internal_box=\box66
))
Package: xparse 2024-08-16 L3 Experimental document command parser
)
Package: fontspec 2024/05/11 v2.9e Font selection for XeLaTeX and LuaLaTeX
Lua module: fontspec 2024/05/11 v2.9e Font selection for XeLaTeX and LuaLaTeX
(/usr/share/texlive/texmf-dist/tex/latex/fontspec/fontspec-luatex.sty
Package: fontspec-luatex 2024/05/11 v2.9e Font selection for XeLaTeX and LuaLaT
eX
\l__fontspec_script_int=\count296
\l__fontspec_language_int=\count297
\l__fontspec_strnum_int=\count298
\l__fontspec_tmp_int=\count299
\l__fontspec_tmpa_int=\count300
\l__fontspec_tmpb_int=\count301
\l__fontspec_tmpc_int=\count302
\l__fontspec_em_int=\count303
\l__fontspec_emdef_int=\count304
\l__fontspec_strong_int=\count305
\l__fontspec_strongdef_int=\count306
\l__fontspec_tmpa_dim=\dimen264
\l__fontspec_tmpb_dim=\dimen265
\l__fontspec_tmpc_dim=\dimen266

(/usr/share/texlive/texmf-dist/tex/latex/base/fontenc.sty
Package: fontenc 2021/04/29 v2.0v Standard LaTeX package
)
(/usr/share/texlive/texmf-dist/tex/latex/fontspec/fontspec.cfg)))
(/usr/share/texlive/texmf-dist/tex/latex/base/makeidx.sty
Package: makeidx 2021/10/04 v1.0m Standard LaTeX package
)
(/usr/share/texlive/texmf-dist/tex/latex/tools/multicol.sty
Package: multicol 2024/09/14 v1.9i multicolumn formatting (FMi)
\c@tracingmulticols=\count307
\mult@box=\box67
\multicol@leftmargin=\dimen267
\c@unbalance=\count308
\c@collectmore=\count309
\doublecol@number=\count310
\multicoltolerance=\count311
\multicolpretolerance=\count312
\full@width=\dimen268
\page@free=\dimen269
\premulticols=\dimen270
\postmulticols=\dimen271
\multicolsep=\skip53
\multicolbaselineskip=\skip54
\partial@page=\box68
\last@line=\box69
\mc@boxedresult=\box70
\maxbalancingoverflow=\dimen272
\mult@rightbox=\box71
\mult@grightbox=\box72
\mult@firstbox=\box73
\mult@gfirstbox=\box74
\@tempa=\box75
\@tempa=\box76
\@tempa=\box77
\@tempa=\box78
\@tempa=\box79
\@tempa=\box80
\@tempa=\box81
\@tempa=\box82
\@tempa=\box83
\@tempa=\box84
\@tempa=\box85
\@tempa=\box86
\@tempa=\box87
\@tempa=\box88
\@tempa=\box89
\@tempa=\box90
\@tempa=\box91
\@tempa=\box92
\@tempa=\box93
\@tempa=\box94
\@tempa=\box95
\@tempa=\box96
\@tempa=\box97
\@tempa=\box98
\@tempa=\box99
\@tempa=\box100
\@tempa=\box101
\@tempa=\box102
\@tempa=\box103
\@tempa=\box104
\@tempa=\box105
\@tempa=\box106
\@tempa=\box107
\@tempa=\box108
\@tempa=\box109
\@tempa=\box110
\c@minrows=\count313
\c@columnbadness=\count314
\c@finalcolumnbadness=\count315
\last@try=\dimen273
\multicolovershoot=\dimen274
\multicolundershoot=\dimen275
\mult@nat@firstbox=\box111
\colbreak@box=\box112
\mc@col@check@num=\count316
)
(/usr/share/texlive/texmf-dist/tex/latex/hyperref/hyperref.sty
Package: hyperref 2024-11-05 v7.01l Hypertext links for LaTeX

(/usr/share/texlive/texmf-dist/tex/latex/kvsetkeys/kvsetkeys.sty
Package: kvsetkeys 2022-10-05 v1.19 Key value parser (HO)
)
(/usr/share/texlive/texmf-dist/tex/generic/kvdefinekeys/kvdefinekeys.sty
Package: kvdefinekeys 2019-12-19 v1.6 Define keys (HO)
)
(/usr/share/texlive/texmf-dist/tex/generic/pdfescape/pdfescape.sty
Package: pdfescape 2019/12/09 v1.15 Implements pdfTeX's escape features (HO)
)
(/usr/share/texlive/texmf-dist/tex/latex/hycolor/hycolor.sty
Package: hycolor 2020-01-27 v1.10 Color options for hyperref/bookmark (HO)
)
(/usr/share/texlive/texmf-dist/tex/latex/hyperref/nameref.sty
Package: nameref 2023-11-26 v2.56 Cross-referencing by name of section

(/usr/share/texlive/texmf-dist/tex/latex/refcount/refcount.sty
Package: refcount 2019/12/15 v3.6 Data extraction from label references (HO)
)
(/usr/share/texlive/texmf-dist/tex/generic/gettitlestring/gettitlestring.sty
Package: gettitlestring 2019/12/15 v1.6 Cleanup title references (HO)

(/usr/share/texlive/texmf-dist/tex/latex/kvoptions/kvoptions.sty
Package: kvoptions 2022-06-15 v3.15 Key value format for package options (HO)
))
\c@section@level=\count317
)
(/usr/share/texlive/texmf-dist/tex/latex/etoolbox/etoolbox.sty
Package: etoolbox 2025/02/11 v2.5l e-TeX tools for LaTeX (JAW)
\etb@tempcnta=\count318
)
(/usr/share/texlive/texmf-dist/tex/generic/stringenc/stringenc.sty
Package: stringenc 2019/11/29 v1.12 Convert strings between diff. encodings (HO
)
)
\@linkdim=\dimen276
\Hy@linkcounter=\count319
\Hy@pagecounter=\count320

(/usr/share/texlive/texmf-dist/tex/latex/hyperref/pd1enc.def
File: pd1enc.def 2024-11-05 v7.01l Hyperref: PDFDocEncoding definition (HO)
)
(/usr/share/texlive/texmf-dist/tex/generic/intcalc/intcalc.sty
Package: intcalc 2019/12/15 v1.3 Expandable calculations with integers (HO)
)
\Hy@SavedSpaceFactor=\count321

(/usr/share/texlive/texmf-dist/tex/latex/hyperref/puenc.def
File: puenc.def 2024-11-05 v7.01l Hyperref: PDF Unicode definition (HO)
)
Package hyperref Info: Hyper figures OFF on input line 4157.
Package hyperref Info: Link nesting OFF on input line 4162.
Package hyperref Info: Hyper index ON on input line 4165.
Package hyperref Info: Plain pages OFF on input line 4172.
Package hyperref Info: Backreferencing OFF on input line 4177.
Package hyperref Info: Implicit mode ON; LaTeX internals redefined.
Package hyperref Info: Bookmarks ON on input line 4424.
\c@Hy@tempcnt=\count322

(/usr/share/texlive/texmf-dist/tex/latex/url/url.sty
\Urlmuskip=\muskip17
Package: url 2013/09/16  ver 3.4  Verb mode for urls, etc.
)
LaTeX Info: Redefining \url on input line 4763.
\XeTeXLinkMargin=\dimen277

(/usr/share/texlive/texmf-dist/tex/generic/bitset/bitset.sty
Package: bitset 2019/12/09 v1.3 Handle bit-vector datatype (HO)

(/usr/share/texlive/texmf-dist/tex/generic/bigintcalc/bigintcalc.sty
Package: bigintcalc 2019/12/15 v1.5 Expandable calculations on big integers (HO
)
))
\Fld@menulength=\count323
\Field@Width=\dimen278
\Fld@charsize=\dimen279
Package hyperref Info: Hyper figures OFF on input line 6042.
Package hyperref Info: Link nesting OFF on input line 6047.
Package hyperref Info: Hyper index ON on input line 6050.
Package hyperref Info: backreferencing OFF on input line 6057.
Package hyperref Info: Link coloring OFF on input line 6062.
Package hyperref Info: Link coloring with OCG OFF on input line 6067.
Package hyperref Info: PDF/A mode OFF on input line 6072.

(/usr/share/texlive/texmf-dist/tex/latex/base/atbegshi-ltx.sty
Package: atbegshi-ltx 2021/01/10 v1.0c Emulation of the original atbegshi
package with kernel methods
)
\Hy@abspage=\count324
\c@Item=\count325
\c@Hfootnote=\count326
)
Package hyperref Info: Driver (autodetected): hluatex.

(/usr/share/texlive/texmf-dist/tex/latex/hyperref/hluatex.def
File: hluatex.def 2024-11-05 v7.01l Hyperref driver for luaTeX

(/usr/share/texlive/texmf-dist/tex/latex/base/atveryend-ltx.sty
Package: atveryend-ltx 2020/08/19 v1.0a Emulation of the original atveryend pac
kage
with kernel methods
)
\Fld@listcount=\count327
\c@bookmark@seq@number=\count328

(/usr/share/texlive/texmf-dist/tex/latex/rerunfilecheck/rerunfilecheck.sty
Package: rerunfilecheck 2022-07-10 v1.10 Rerun checks for auxiliary files (HO)

(/usr/share/texlive/texmf-dist/tex/generic/uniquecounter/uniquecounter.sty
Package: uniquecounter 2019/12/15 v1.4 Provide unlimited unique counter (HO)
)
Package uniquecounter Info: New unique counter `rerunfilecheck' on input line 2
85.
)
\Hy@SectionHShift=\skip55
)
luaotfload | cache : Lookup cache loaded from /var/lib/texmf/luatex-cache/generi
c/names/luaotfload-lookup-cache.luc.

Package fontspec Info: 
(fontspec)             Font family 'LatinModernRoman(0)' created for font
(fontspec)             'Latin Modern Roman' with options [Ligatures=TeX].
(fontspec)              
(fontspec)              This font family consists of the following NFSS
(fontspec)             series/shapes:
(fontspec)              
(fontspec)             - 'normal' (m/n) with NFSS spec.: <->"name:Latin Modern
(fontspec)             Roman:mode=node;script=latn;language=dflt;+tlig;"
(fontspec)             - 'bold' (b/n) with NFSS spec.: <->"name:Latin Modern
(fontspec)             Roman/B:mode=node;script=latn;language=dflt;+tlig;"
(fontspec)             - 'italic' (m/it) with NFSS spec.: <->"name:Latin
(fontspec)             Modern
(fontspec)             Roman/I:mode=node;script=latn;language=dflt;+tlig;"
(fontspec)             - 'bold italic' (b/it) with NFSS spec.: <->"name:Latin
(fontspec)             Modern
(fontspec)             Roman/BI:mode=node;script=latn;language=dflt;+tlig;"

\@indexfile=\write4

\openout4 = lineup_report.idx

Writing index file lineup_report.idx
(./lineup_report.aux)
\openout1 = lineup_report.aux

LaTeX Font Info:    Checking defaults for OML/cmm/m/it on input line 35.
LaTeX Font Info:    ... okay on input line 35.
LaTeX Font Info:    Checking defaults for OMS/cmsy/m/n on input line 35.
LaTeX Font Info:    ... okay on input line 35.
LaTeX Font Info:    Checking defaults for OT1/cmr/m/n on input line 35.
LaTeX Font Info:    ... okay on input line 35.
LaTeX Font Info:    Checking defaults for T1/cmr/m/n on input line 35.
LaTeX Font Info:    ... okay on input line 35.
LaTeX Font Info:    Checking defaults for TS1/cmr/m/n on input line 35.
LaTeX Font Info:    ... okay on input line 35.
LaTeX Font Info:    Checking defaults for TU/lmr/m/n on input line 35.
LaTeX Font Info:    ... okay on input line 35.
LaTeX Font Info:    Checking defaults for OMX/cmex/m/n on input line 35.
LaTeX Font Info:    ... okay on input line 35.
LaTeX Font Info:    Checking defaults for U/cmr/m/n on input line 35.
LaTeX Font Info:    ... okay on input line 35.
LaTeX Font Info:    Checking defaults for PD1/pdf/m/n on input line 35.
LaTeX Font Info:    ... okay on input line 35.
LaTeX Font Info:    Checking defaults for PU/pdf/m/n on input line 35.
LaTeX Font Info:    ... okay on input line 35.

*geometry* driver: auto-detecting
*geometry* detected driver: luatex
*geometry* verbose mode - [ preamble ] result:
* driver: luatex
* paper: <default>
* layout: <same size as paper>
* layoutoffset:(h,v)=(0.0pt,0.0pt)
* modes: 
* h-part:(L,W,R)=(42.67912pt, 528.93675pt, 42.67912pt)
* v-part:(T,H,B)=(42.67912pt, 709.61174pt, 42.67912pt)
* \paperwidth=614.295pt
* \paperheight=794.96999pt
* \textwidth=528.93675pt
* \textheight=709.61174pt
* \oddsidemargin=-29.59087pt
* \evensidemargin=-29.59087pt
* \topmargin=-66.59087pt
* \headheight=12.0pt
* \headsep=25.0pt
* \topskip=11.0pt
* \footskip=30.0pt
* \marginparwidth=59.0pt
* \marginparsep=10.0pt
* \columnsep=10.0pt
* \skip\footins=10.0pt plus 4.0pt minus 2.0pt
* \hoffset=0.0pt
* \voffset=0.0pt
* \mag=1000
* \@twocolumnfalse
* \@twosidefalse
* \@mparswitchfalse
* \@reversemarginfalse
* (1in=72.27pt=25.4mm, 1cm=28.453pt)

(/usr/share/texlive/texmf-dist/tex/context/base/mkii/supp-pdf.mkii
[Loading MPS to PDF converter (version 2006.09.02).]
\scratchcounter=\count329
\scratchdimen=\dimen280
\scratchbox=\box113
\nofMPsegments=\count330
\nofMParguments=\count331
\everyMPshowfont=\toks34
\MPscratchCnt=\count332
\MPscratchDim=\dimen281
\MPnumerator=\count333
\makeMPintoPDFobject=\count334
\everyMPtoPDFconversion=\toks35
) (/usr/share/texlive/texmf-dist/tex/latex/epstopdf-pkg/epstopdf-base.sty
Package: epstopdf-base 2020-01-24 v2.11 Base part for package epstopdf
Package epstopdf-base Info: Redefining graphics rule for `.eps' on input line 4
85.

(/usr/share/texlive/texmf-dist/tex/latex/latexconfig/epstopdf-sys.cfg
File: epstopdf-sys.cfg 2010/07/13 v1.3 Configuration of (r)epstopdf for TeX Liv
e
))
("|'inkscape' -V ")

Package fontspec Info: 
(fontspec)             Adjusting the maths setup (use [no-math] to avoid
(fontspec)             this).

\symlegacymaths=\mathgroup4
LaTeX Font Info:    Overwriting symbol font `legacymaths' in version `bold'
(Font)                  OT1/cmr/m/n --> OT1/cmr/bx/n on input line 35.
LaTeX Font Info:    Redeclaring math accent \acute on input line 35.
LaTeX Font Info:    Redeclaring math accent \grave on input line 35.
LaTeX Font Info:    Redeclaring math accent \ddot on input line 35.
LaTeX Font Info:    Redeclaring math accent \tilde on input line 35.
LaTeX Font Info:    Redeclaring math accent \bar on input line 35.
LaTeX Font Info:    Redeclaring math accent \breve on input line 35.
LaTeX Font Info:    Redeclaring math accent \check on input line 35.
LaTeX Font Info:    Redeclaring math accent \hat on input line 35.
LaTeX Font Info:    Redeclaring math accent \dot on input line 35.
LaTeX Font Info:    Redeclaring math accent \mathring on input line 35.
LaTeX Font Info:    Redeclaring math symbol \colon on input line 35.
LaTeX Font Info:    Redeclaring math symbol \Gamma on input line 35.
LaTeX Font Info:    Redeclaring math symbol \Delta on input line 35.
LaTeX Font Info:    Redeclaring math symbol \Theta on input line 35.
LaTeX Font Info:    Redeclaring math symbol \Lambda on input line 35.
LaTeX Font Info:    Redeclaring math symbol \Xi on input line 35.
LaTeX Font Info:    Redeclaring math symbol \Pi on input line 35.
LaTeX Font Info:    Redeclaring math symbol \Sigma on input line 35.
LaTeX Font Info:    Redeclaring math symbol \Upsilon on input line 35.
LaTeX Font Info:    Redeclaring math symbol \Phi on input line 35.
LaTeX Font Info:    Redeclaring math symbol \Psi on input line 35.
LaTeX Font Info:    Redeclaring math symbol \Omega on input line 35.
LaTeX Font Info:    Redeclaring math symbol \mathdollar on input line 35.
LaTeX Font Info:    Redeclaring symbol font `operators' on input line 35.
LaTeX Font Info:    Encoding `OT1' has changed to `TU' for symbol font
(Font)              `operators' in the math version `normal' on input line 35.
LaTeX Font Info:    Overwriting symbol font `operators' in version `normal'
(Font)                  OT1/cmr/m/n --> TU/LatinModernRoman(0)/m/n on input lin
e 35.
LaTeX Font Info:    Encoding `OT1' has changed to `TU' for symbol font
(Font)              `operators' in the math version `bold' on input line 35.
LaTeX Font Info:    Overwriting symbol font `operators' in version `bold'
(Font)                  OT1/cmr/bx/n --> TU/LatinModernRoman(0)/m/n on input li
ne 35.
LaTeX Font Info:    Overwriting symbol font `operators' in version `normal'
(Font)                  TU/LatinModernRoman(0)/m/n --> TU/LatinModernRoman(0)/m
/n on input line 35.
LaTeX Font Info:    Overwriting math alphabet `\mathit' in version `normal'
(Font)                  OT1/cmr/m/it --> TU/LatinModernRoman(0)/m/it on input l
ine 35.
LaTeX Font Info:    Overwriting math alphabet `\mathbf' in version `normal'
(Font)                  OT1/cmr/bx/n --> TU/LatinModernRoman(0)/b/n on input li
ne 35.
LaTeX Font Info:    Overwriting math alphabet `\mathsf' in version `normal'
(Font)                  OT1/cmss/m/n --> TU/lmss/m/n on input line 35.
LaTeX Font Info:    Overwriting math alphabet `\mathtt' in version `normal'
(Font)                  OT1/cmtt/m/n --> TU/lmtt/m/n on input line 35.
LaTeX Font Info:    Overwriting symbol font `operators' in version `bold'
(Font)                  TU/LatinModernRoman(0)/m/n --> TU/LatinModernRoman(0)/b
/n on input line 35.
LaTeX Font Info:    Overwriting math alphabet `\mathit' in version `bold'
(Font)                  OT1/cmr/bx/it --> TU/LatinModernRoman(0)/b/it on input 
line 35.
LaTeX Font Info:    Overwriting math alphabet `\mathsf' in version `bold'
(Font)                  OT1/cmss/bx/n --> TU/lmss/b/n on input line 35.
LaTeX Font Info:    Overwriting math alphabet `\mathtt' in version `bold'
(Font)                  OT1/cmtt/m/n --> TU/lmtt/b/n on input line 35.
Package hyperref Info: Link coloring OFF on input line 35.
\@outlinefile=\write5

\openout5 = lineup_report.out

No file lineup_report.ind.


[1

{/var/lib/texmf/fonts/map/pdftex/updmap/pdftex.map}]

[2]
<../assets/pitch/pitch.png, id=20, 1027.84pt x 1541.76pt>
File: ../assets/pitch/pitch.png Graphic file (type png)
<use ../assets/pitch/pitch.png>
Package luatex.def Info: ../assets/pitch/pitch.png  used on input line 398.
(luatex.def)             Requested size: 256.0748pt x 384.09811pt.
<../assets/camisa/costas1.png, id=21, 501.875pt x 501.875pt>
File: ../assets/camisa/costas1.png Graphic file (type png)
<use ../assets/camisa/costas1.png>
Package luatex.def Info: ../assets/camisa/costas1.png  used on input line 400.
(luatex.def)             Requested size: 34.14322pt x 34.1393pt.
File: ../assets/camisa/costas1.png Graphic file (type png)
<use ../assets/camisa/costas1.png>
Package luatex.def Info: ../assets/camisa/costas1.png  used on input line 401.
(luatex.def)             Requested size: 34.14322pt x 34.1393pt.
File: ../assets/camisa/costas1.png Graphic file (type png)
<use ../assets/camisa/costas1.png>
Package luatex.def Info: ../assets/camisa/costas1.png  used on input line 402.
(luatex.def)             Requested size: 34.14322pt x 34.1393pt.
File: ../assets/camisa/costas1.png Graphic file (type png)
<use ../assets/camisa/costas1.png>
Package luatex.def Info: ../assets/camisa/costas1.png  used on input line 403.
(luatex.def)             Requested size: 34.14322pt x 34.1393pt.
File: ../assets/camisa/costas1.png Graphic file (type png)
<use ../assets/camisa/costas1.png>
Package luatex.def Info: ../assets/camisa/costas1.png  used on input line 404.
(luatex.def)             Requested size: 34.14322pt x 34.1393pt.
File: ../assets/camisa/costas1.png Graphic file (type png)
<use ../assets/camisa/costas1.png>
Package luatex.def Info: ../assets/camisa/costas1.png  used on input line 405.
(luatex.def)             Requested size: 34.14322pt x 34.1393pt.
File: ../assets/camisa/costas1.png Graphic file (type png)
<use ../assets/camisa/costas1.png>
Package luatex.def Info: ../assets/camisa/costas1.png  used on input line 406.
(luatex.def)             Requested size: 34.14322pt x 34.1393pt.
File: ../assets/camisa/costas1.png Graphic file (type png)
<use ../assets/camisa/costas1.png>
Package luatex.def Info: ../assets/camisa/costas1.png  used on input line 407.
(luatex.def)             Requested size: 34.14322pt x 34.1393pt.
File: ../assets/camisa/costas1.png Graphic file (type png)
<use ../assets/camisa/costas1.png>
Package luatex.def Info: ../assets/camisa/costas1.png  used on input line 408.
(luatex.def)             Requested size: 34.14322pt x 34.1393pt.
File: ../assets/camisa/costas1.png Graphic file (type png)
<use ../assets/camisa/costas1.png>
Package luatex.def Info: ../assets/camisa/costas1.png  used on input line 409.
(luatex.def)             Requested size: 34.14322pt x 34.1393pt.
File: ../assets/camisa/costas1.png Graphic file (type png)
<use ../assets/camisa/costas1.png>
Package luatex.def Info: ../assets/camisa/costas1.png  used on input line 410.
(luatex.def)             Requested size: 34.14322pt x 34.1393pt.

Overfull \hbox (44.50333pt too wide) in paragraph at lines 412--413
[][]  
 []

LaTeX Font Info:    External font `cmex10' loaded for size
(Font)              <10.95> on input line 413.
LaTeX Font Info:    External font `cmex10' loaded for size
(Font)              <8> on input line 413.
LaTeX Font Info:    External font `cmex10' loaded for size
(Font)              <6> on input line 413.
File: ../assets/camisa/costas1.png Graphic file (type png)
<use ../assets/camisa/costas1.png>
Package luatex.def Info: ../assets/camisa/costas1.png  used on input line 421.
(luatex.def)             Requested size: 22.76228pt x 22.75952pt.
File: ../assets/camisa/costas1.png Graphic file (type png)
<use ../assets/camisa/costas1.png>
Package luatex.def Info: ../assets/camisa/costas1.png  used on input line 422.
(luatex.def)             Requested size: 22.76228pt x 22.75952pt.
File: ../assets/camisa/costas1.png Graphic file (type png)
<use ../assets/camisa/costas1.png>
Package luatex.def Info: ../assets/camisa/costas1.png  used on input line 423.
(luatex.def)             Requested size: 22.76228pt x 22.75952pt.
File: ../assets/camisa/costas1.png Graphic file (type png)
<use ../assets/camisa/costas1.png>
Package luatex.def Info: ../assets/camisa/costas1.png  used on input line 424.
(luatex.def)             Requested size: 22.76228pt x 22.75952pt.
File: ../assets/camisa/costas1.png Graphic file (type png)
<use ../assets/camisa/costas1.png>
Package luatex.def Info: ../assets/camisa/costas1.png  used on input line 425.
(luatex.def)             Requested size: 22.76228pt x 22.75952pt.
File: ../assets/camisa/costas1.png Graphic file (type png)
<use ../assets/camisa/costas1.png>
Package luatex.def Info: ../assets/camisa/costas1.png  used on input line 426.
(luatex.def)             Requested size: 22.76228pt x 22.75952pt.
File: ../assets/camisa/costas1.png Graphic file (type png)
<use ../assets/camisa/costas1.png>
Package luatex.def Info: ../assets/camisa/costas1.png  used on input line 427.
(luatex.def)             Requested size: 22.76228pt x 22.75952pt.
File: ../assets/camisa/costas1.png Graphic file (type png)
<use ../assets/camisa/costas1.png>
Package luatex.def Info: ../assets/camisa/costas1.png  used on input line 428.
(luatex.def)             Requested size: 22.76228pt x 22.75952pt.
File: ../assets/camisa/costas1.png Graphic file (type png)
<use ../assets/camisa/costas1.png>
Package luatex.def Info: ../assets/camisa/costas1.png  used on input line 429.
(luatex.def)             Requested size: 22.76228pt x 22.75952pt.
File: ../assets/camisa/costas1.png Graphic file (type png)
<use ../assets/camisa/costas1.png>
Package luatex.def Info: ../assets/camisa/costas1.png  used on input line 430.
(luatex.def)             Requested size: 22.76228pt x 22.75952pt.
File: ../assets/camisa/costas1.png Graphic file (type png)
<use ../assets/camisa/costas1.png>
Package luatex.def Info: ../assets/camisa/costas1.png  used on input line 431.
(luatex.def)             Requested size: 22.76228pt x 22.75952pt.
File: ../assets/camisa/costas1.png Graphic file (type png)
<use ../assets/camisa/costas1.png>
Package luatex.def Info: ../assets/camisa/costas1.png  used on input line 432.
(luatex.def)             Requested size: 22.76228pt x 22.75952pt.


[3<../assets/pitch/pitch.png><../assets/camisa/costas1.png>]
File: ../assets/pitch/pitch.png Graphic file (type png)
<use ../assets/pitch/pitch.png>
Package luatex.def Info: ../assets/pitch/pitch.png  used on input line 463.
(luatex.def)             Requested size: 256.0748pt x 384.09811pt.
File: ../assets/camisa/costas1.png Graphic file (type png)
<use ../assets/camisa/costas1.png>
Package luatex.def Info: ../assets/camisa/costas1.png  used on input line 465.
(luatex.def)             Requested size: 34.14322pt x 34.1393pt.
File: ../assets/camisa/costas1.png Graphic file (type png)
<use ../assets/camisa/costas1.png>
Package luatex.def Info: ../assets/camisa/costas1.png  used on input line 466.
(luatex.def)             Requested size: 34.14322pt x 34.1393pt.
File: ../assets/camisa/costas1.png Graphic file (type png)
<use ../assets/camisa/costas1.png>
Package luatex.def Info: ../assets/camisa/costas1.png  used on input line 467.
(luatex.def)             Requested size: 34.14322pt x 34.1393pt.
File: ../assets/camisa/costas1.png Graphic file (type png)
<use ../assets/camisa/costas1.png>
Package luatex.def Info: ../assets/camisa/costas1.png  used on input line 468.
(luatex.def)             Requested size: 34.14322pt x 34.1393pt.
File: ../assets/camisa/costas1.png Graphic file (type png)
<use ../assets/camisa/costas1.png>
Package luatex.def Info: ../assets/camisa/costas1.png  used on input line 469.
(luatex.def)             Requested size: 34.14322pt x 34.1393pt.
File: ../assets/camisa/costas1.png Graphic file (type png)
<use ../assets/camisa/costas1.png>
Package luatex.def Info: ../assets/camisa/costas1.png  used on input line 470.
(luatex.def)             Requested size: 34.14322pt x 34.1393pt.
File: ../assets/camisa/costas1.png Graphic file (type png)
<use ../assets/camisa/costas1.png>
Package luatex.def Info: ../assets/camisa/costas1.png  used on input line 471.
(luatex.def)             Requested size: 34.14322pt x 34.1393pt.
File: ../assets/camisa/costas1.png Graphic file (type png)
<use ../assets/camisa/costas1.png>
Package luatex.def Info: ../assets/camisa/costas1.png  used on input line 472.
(luatex.def)             Requested size: 34.14322pt x 34.1393pt.
File: ../assets/camisa/costas1.png Graphic file (type png)
<use ../assets/camisa/costas1.png>
Package luatex.def Info: ../assets/camisa/costas1.png  used on input line 473.
(luatex.def)             Requested size: 34.14322pt x 34.1393pt.
File: ../assets/camisa/costas1.png Graphic file (type png)
<use ../assets/camisa/costas1.png>
Package luatex.def Info: ../assets/camisa/costas1.png  used on input line 474.
(luatex.def)             Requested size: 34.14322pt x 34.1393pt.
File: ../assets/camisa/costas1.png Graphic file (type png)
<use ../assets/camisa/costas1.png>
Package luatex.def Info: ../assets/camisa/costas1.png  used on input line 475.
(luatex.def)             Requested size: 34.14322pt x 34.1393pt.

Overfull \hbox (44.50333pt too wide) in paragraph at lines 477--478
[][]  
 []

File: ../assets/camisa/costas1.png Graphic file (type png)
<use ../assets/camisa/costas1.png>
Package luatex.def Info: ../assets/camisa/costas1.png  used on input line 486.
(luatex.def)             Requested size: 22.76228pt x 22.75952pt.
File: ../assets/camisa/costas1.png Graphic file (type png)
<use ../assets/camisa/costas1.png>
Package luatex.def Info: ../assets/camisa/costas1.png  used on input line 487.
(luatex.def)             Requested size: 22.76228pt x 22.75952pt.
File: ../assets/camisa/costas1.png Graphic file (type png)
<use ../assets/camisa/costas1.png>
Package luatex.def Info: ../assets/camisa/costas1.png  used on input line 488.
(luatex.def)             Requested size: 22.76228pt x 22.75952pt.
File: ../assets/camisa/costas1.png Graphic file (type png)
<use ../assets/camisa/costas1.png>
Package luatex.def Info: ../assets/camisa/costas1.png  used on input line 489.
(luatex.def)             Requested size: 22.76228pt x 22.75952pt.
File: ../assets/camisa/costas1.png Graphic file (type png)
<use ../assets/camisa/costas1.png>
Package luatex.def Info: ../assets/camisa/costas1.png  used on input line 490.
(luatex.def)             Requested size: 22.76228pt x 22.75952pt.
File: ../assets/camisa/costas1.png Graphic file (type png)
<use ../assets/camisa/costas1.png>
Package luatex.def Info: ../assets/camisa/costas1.png  used on input line 491.
(luatex.def)             Requested size: 22.76228pt x 22.75952pt.
File: ../assets/camisa/costas1.png Graphic file (type png)
<use ../assets/camisa/costas1.png>
Package luatex.def Info: ../assets/camisa/costas1.png  used on input line 492.
(luatex.def)             Requested size: 22.76228pt x 22.75952pt.
File: ../assets/camisa/costas1.png Graphic file (type png)
<use ../assets/camisa/costas1.png>
Package luatex.def Info: ../assets/camisa/costas1.png  used on input line 493.
(luatex.def)             Requested size: 22.76228pt x 22.75952pt.
File: ../assets/camisa/costas1.png Graphic file (type png)
<use ../assets/camisa/costas1.png>
Package luatex.def Info: ../assets/camisa/costas1.png  used on input line 494.
(luatex.def)             Requested size: 22.76228pt x 22.75952pt.
File: ../assets/camisa/costas1.png Graphic file (type png)
<use ../assets/camisa/costas1.png>
Package luatex.def Info: ../assets/camisa/costas1.png  used on input line 495.
(luatex.def)             Requested size: 22.76228pt x 22.75952pt.
File: ../assets/camisa/costas1.png Graphic file (type png)
<use ../assets/camisa/costas1.png>
Package luatex.def Info: ../assets/camisa/costas1.png  used on input line 496.
(luatex.def)             Requested size: 22.76228pt x 22.75952pt.
File: ../assets/camisa/costas1.png Graphic file (type png)
<use ../assets/camisa/costas1.png>
Package luatex.def Info: ../assets/camisa/costas1.png  used on input line 497.
(luatex.def)             Requested size: 22.76228pt x 22.75952pt.


[4]
File: ../assets/pitch/pitch.png Graphic file (type png)
<use ../assets/pitch/pitch.png>
Package luatex.def Info: ../assets/pitch/pitch.png  used on input line 528.
(luatex.def)             Requested size: 256.0748pt x 384.09811pt.
File: ../assets/camisa/costas1.png Graphic file (type png)
<use ../assets/camisa/costas1.png>
Package luatex.def Info: ../assets/camisa/costas1.png  used on input line 530.
(luatex.def)             Requested size: 34.14322pt x 34.1393pt.
File: ../assets/camisa/costas1.png Graphic file (type png)
<use ../assets/camisa/costas1.png>
Package luatex.def Info: ../assets/camisa/costas1.png  used on input line 531.
(luatex.def)             Requested size: 34.14322pt x 34.1393pt.
File: ../assets/camisa/costas1.png Graphic file (type png)
<use ../assets/camisa/costas1.png>
Package luatex.def Info: ../assets/camisa/costas1.png  used on input line 532.
(luatex.def)             Requested size: 34.14322pt x 34.1393pt.
File: ../assets/camisa/costas1.png Graphic file (type png)
<use ../assets/camisa/costas1.png>
Package luatex.def Info: ../assets/camisa/costas1.png  used on input line 533.
(luatex.def)             Requested size: 34.14322pt x 34.1393pt.
File: ../assets/camisa/costas1.png Graphic file (type png)
<use ../assets/camisa/costas1.png>
Package luatex.def Info: ../assets/camisa/costas1.png  used on input line 534.
(luatex.def)             Requested size: 34.14322pt x 34.1393pt.
File: ../assets/camisa/costas1.png Graphic file (type png)
<use ../assets/camisa/costas1.png>
Package luatex.def Info: ../assets/camisa/costas1.png  used on input line 535.
(luatex.def)             Requested size: 34.14322pt x 34.1393pt.
File: ../assets/camisa/costas1.png Graphic file (type png)
<use ../assets/camisa/costas1.png>
Package luatex.def Info: ../assets/camisa/costas1.png  used on input line 536.
(luatex.def)             Requested size: 34.14322pt x 34.1393pt.
File: ../assets/camisa/costas1.png Graphic file (type png)
<use ../assets/camisa/costas1.png>
Package luatex.def Info: ../assets/camisa/costas1.png  used on input line 537.
(luatex.def)             Requested size: 34.14322pt x 34.1393pt.
File: ../assets/camisa/costas1.png Graphic file (type png)
<use ../assets/camisa/costas1.png>
Package luatex.def Info: ../assets/camisa/costas1.png  used on input line 538.
(luatex.def)             Requested size: 34.14322pt x 34.1393pt.
File: ../assets/camisa/costas1.png Graphic file (type png)
<use ../assets/camisa/costas1.png>
Package luatex.def Info: ../assets/camisa/costas1.png  used on input line 539.
(luatex.def)             Requested size: 34.14322pt x 34.1393pt.
File: ../assets/camisa/costas1.png Graphic file (type png)
<use ../assets/camisa/costas1.png>
Package luatex.def Info: ../assets/camisa/costas1.png  used on input line 540.
(luatex.def)             Requested size: 34.14322pt x 34.1393pt.

Overfull \hbox (44.50333pt too wide) in paragraph at lines 542--543
[][]  
 []

File: ../assets/camisa/costas1.png Graphic file (type png)
<use ../assets/camisa/costas1.png>
Package luatex.def Info: ../assets/camisa/costas1.png  used on input line 551.
(luatex.def)             Requested size: 22.76228pt x 22.75952pt.
File: ../assets/camisa/costas1.png Graphic file (type png)
<use ../assets/camisa/costas1.png>
Package luatex.def Info: ../assets/camisa/costas1.png  used on input line 552.
(luatex.def)             Requested size: 22.76228pt x 22.75952pt.
File: ../assets/camisa/costas1.png Graphic file (type png)
<use ../assets/camisa/costas1.png>
Package luatex.def Info: ../assets/camisa/costas1.png  used on input line 553.
(luatex.def)             Requested size: 22.76228pt x 22.75952pt.
File: ../assets/camisa/costas1.png Graphic file (type png)
<use ../assets/camisa/costas1.png>
Package luatex.def Info: ../assets/camisa/costas1.png  used on input line 554.
(luatex.def)             Requested size: 22.76228pt x 22.75952pt.
File: ../assets/camisa/costas1.png Graphic file (type png)
<use ../assets/camisa/costas1.png>
Package luatex.def Info: ../assets/camisa/costas1.png  used on input line 555.
(luatex.def)             Requested size: 22.76228pt x 22.75952pt.
File: ../assets/camisa/costas1.png Graphic file (type png)
<use ../assets/camisa/costas1.png>
Package luatex.def Info: ../assets/camisa/costas1.png  used on input line 556.
(luatex.def)             Requested size: 22.76228pt x 22.75952pt.
File: ../assets/camisa/costas1.png Graphic file (type png)
<use ../assets/camisa/costas1.png>
Package luatex.def Info: ../assets/camisa/costas1.png  used on input line 557.
(luatex.def)             Requested size: 22.76228pt x 22.75952pt.
File: ../assets/camisa/costas1.png Graphic file (type png)
<use ../assets/camisa/costas1.png>
Package luatex.def Info: ../assets/camisa/costas1.png  used on input line 558.
(luatex.def)             Requested size: 22.76228pt x 22.75952pt.
File: ../assets/camisa/costas1.png Graphic file (type png)
<use ../assets/camisa/costas1.png>
Package luatex.def Info: ../assets/camisa/costas1.png  used on input line 559.
(luatex.def)             Requested size: 22.76228pt x 22.75952pt.
File: ../assets/camisa/costas1.png Graphic file (type png)
<use ../assets/camisa/costas1.png>
Package luatex.def Info: ../assets/camisa/costas1.png  used on input line 560.
(luatex.def)             Requested size: 22.76228pt x 22.75952pt.
File: ../assets/camisa/costas1.png Graphic file (type png)
<use ../assets/camisa/costas1.png>
Package luatex.def Info: ../assets/camisa/costas1.png  used on input line 561.
(luatex.def)             Requested size: 22.76228pt x 22.75952pt.
File: ../assets/camisa/costas1.png Graphic file (type png)
<use ../assets/camisa/costas1.png>
Package luatex.def Info: ../assets/camisa/costas1.png  used on input line 562.
(luatex.def)             Requested size: 22.76228pt x 22.75952pt.


[5]
File: ../assets/pitch/pitch.png Graphic file (type png)
<use ../assets/pitch/pitch.png>
Package luatex.def Info: ../assets/pitch/pitch.png  used on input line 593.
(luatex.def)             Requested size: 256.0748pt x 384.09811pt.
File: ../assets/camisa/costas1.png Graphic file (type png)
<use ../assets/camisa/costas1.png>
Package luatex.def Info: ../assets/camisa/costas1.png  used on input line 595.
(luatex.def)             Requested size: 34.14322pt x 34.1393pt.
File: ../assets/camisa/costas1.png Graphic file (type png)
<use ../assets/camisa/costas1.png>
Package luatex.def Info: ../assets/camisa/costas1.png  used on input line 596.
(luatex.def)             Requested size: 34.14322pt x 34.1393pt.
File: ../assets/camisa/costas1.png Graphic file (type png)
<use ../assets/camisa/costas1.png>
Package luatex.def Info: ../assets/camisa/costas1.png  used on input line 597.
(luatex.def)             Requested size: 34.14322pt x 34.1393pt.
File: ../assets/camisa/costas1.png Graphic file (type png)
<use ../assets/camisa/costas1.png>
Package luatex.def Info: ../assets/camisa/costas1.png  used on input line 598.
(luatex.def)             Requested size: 34.14322pt x 34.1393pt.
File: ../assets/camisa/costas1.png Graphic file (type png)
<use ../assets/camisa/costas1.png>
Package luatex.def Info: ../assets/camisa/costas1.png  used on input line 599.
(luatex.def)             Requested size: 34.14322pt x 34.1393pt.
File: ../assets/camisa/costas1.png Graphic file (type png)
<use ../assets/camisa/costas1.png>
Package luatex.def Info: ../assets/camisa/costas1.png  used on input line 600.
(luatex.def)             Requested size: 34.14322pt x 34.1393pt.
File: ../assets/camisa/costas1.png Graphic file (type png)
<use ../assets/camisa/costas1.png>
Package luatex.def Info: ../assets/camisa/costas1.png  used on input line 601.
(luatex.def)             Requested size: 34.14322pt x 34.1393pt.
File: ../assets/camisa/costas1.png Graphic file (type png)
<use ../assets/camisa/costas1.png>
Package luatex.def Info: ../assets/camisa/costas1.png  used on input line 602.
(luatex.def)             Requested size: 34.14322pt x 34.1393pt.
File: ../assets/camisa/costas1.png Graphic file (type png)
<use ../assets/camisa/costas1.png>
Package luatex.def Info: ../assets/camisa/costas1.png  used on input line 603.
(luatex.def)             Requested size: 34.14322pt x 34.1393pt.
File: ../assets/camisa/costas1.png Graphic file (type png)
<use ../assets/camisa/costas1.png>
Package luatex.def Info: ../assets/camisa/costas1.png  used on input line 604.
(luatex.def)             Requested size: 34.14322pt x 34.1393pt.
File: ../assets/camisa/costas1.png Graphic file (type png)
<use ../assets/camisa/costas1.png>
Package luatex.def Info: ../assets/camisa/costas1.png  used on input line 605.
(luatex.def)             Requested size: 34.14322pt x 34.1393pt.

Overfull \hbox (44.50333pt too wide) in paragraph at lines 607--608
[][]  
 []

File: ../assets/camisa/costas1.png Graphic file (type png)
<use ../assets/camisa/costas1.png>
Package luatex.def Info: ../assets/camisa/costas1.png  used on input line 616.
(luatex.def)             Requested size: 22.76228pt x 22.75952pt.
File: ../assets/camisa/costas1.png Graphic file (type png)
<use ../assets/camisa/costas1.png>
Package luatex.def Info: ../assets/camisa/costas1.png  used on input line 617.
(luatex.def)             Requested size: 22.76228pt x 22.75952pt.
File: ../assets/camisa/costas1.png Graphic file (type png)
<use ../assets/camisa/costas1.png>
Package luatex.def Info: ../assets/camisa/costas1.png  used on input line 618.
(luatex.def)             Requested size: 22.76228pt x 22.75952pt.
File: ../assets/camisa/costas1.png Graphic file (type png)
<use ../assets/camisa/costas1.png>
Package luatex.def Info: ../assets/camisa/costas1.png  used on input line 619.
(luatex.def)             Requested size: 22.76228pt x 22.75952pt.
File: ../assets/camisa/costas1.png Graphic file (type png)
<use ../assets/camisa/costas1.png>
Package luatex.def Info: ../assets/camisa/costas1.png  used on input line 620.
(luatex.def)             Requested size: 22.76228pt x 22.75952pt.
File: ../assets/camisa/costas1.png Graphic file (type png)
<use ../assets/camisa/costas1.png>
Package luatex.def Info: ../assets/camisa/costas1.png  used on input line 621.
(luatex.def)             Requested size: 22.76228pt x 22.75952pt.
File: ../assets/camisa/costas1.png Graphic file (type png)
<use ../assets/camisa/costas1.png>
Package luatex.def Info: ../assets/camisa/costas1.png  used on input line 622.
(luatex.def)             Requested size: 22.76228pt x 22.75952pt.
File: ../assets/camisa/costas1.png Graphic file (type png)
<use ../assets/camisa/costas1.png>
Package luatex.def Info: ../assets/camisa/costas1.png  used on input line 623.
(luatex.def)             Requested size: 22.76228pt x 22.75952pt.
File: ../assets/camisa/costas1.png Graphic file (type png)
<use ../assets/camisa/costas1.png>
Package luatex.def Info: ../assets/camisa/costas1.png  used on input line 624.
(luatex.def)             Requested size: 22.76228pt x 22.75952pt.
File: ../assets/camisa/costas1.png Graphic file (type png)
<use ../assets/camisa/costas1.png>
Package luatex.def Info: ../assets/camisa/costas1.png  used on input line 625.
(luatex.def)             Requested size: 22.76228pt x 22.75952pt.
File: ../assets/camisa/costas1.png Graphic file (type png)
<use ../assets/camisa/costas1.png>
Package luatex.def Info: ../assets/camisa/costas1.png  used on input line 626.
(luatex.def)             Requested size: 22.76228pt x 22.75952pt.
File: ../assets/camisa/costas1.png Graphic file (type png)
<use ../assets/camisa/costas1.png>
Package luatex.def Info: ../assets/camisa/costas1.png  used on input line 627.
(luatex.def)             Requested size: 22.76228pt x 22.75952pt.


[6]
File: ../assets/pitch/pitch.png Graphic file (type png)
<use ../assets/pitch/pitch.png>
Package luatex.def Info: ../assets/pitch/pitch.png  used on input line 658.
(luatex.def)             Requested size: 256.0748pt x 384.09811pt.
File: ../assets/camisa/costas1.png Graphic file (type png)
<use ../assets/camisa/costas1.png>
Package luatex.def Info: ../assets/camisa/costas1.png  used on input line 660.
(luatex.def)             Requested size: 34.14322pt x 34.1393pt.
File: ../assets/camisa/costas1.png Graphic file (type png)
<use ../assets/camisa/costas1.png>
Package luatex.def Info: ../assets/camisa/costas1.png  used on input line 661.
(luatex.def)             Requested size: 34.14322pt x 34.1393pt.
File: ../assets/camisa/costas1.png Graphic file (type png)
<use ../assets/camisa/costas1.png>
Package luatex.def Info: ../assets/camisa/costas1.png  used on input line 662.
(luatex.def)             Requested size: 34.14322pt x 34.1393pt.
File: ../assets/camisa/costas1.png Graphic file (type png)
<use ../assets/camisa/costas1.png>
Package luatex.def Info: ../assets/camisa/costas1.png  used on input line 663.
(luatex.def)             Requested size: 34.14322pt x 34.1393pt.
File: ../assets/camisa/costas1.png Graphic file (type png)
<use ../assets/camisa/costas1.png>
Package luatex.def Info: ../assets/camisa/costas1.png  used on input line 664.
(luatex.def)             Requested size: 34.14322pt x 34.1393pt.
File: ../assets/camisa/costas1.png Graphic file (type png)
<use ../assets/camisa/costas1.png>
Package luatex.def Info: ../assets/camisa/costas1.png  used on input line 665.
(luatex.def)             Requested size: 34.14322pt x 34.1393pt.
File: ../assets/camisa/costas1.png Graphic file (type png)
<use ../assets/camisa/costas1.png>
Package luatex.def Info: ../assets/camisa/costas1.png  used on input line 666.
(luatex.def)             Requested size: 34.14322pt x 34.1393pt.
File: ../assets/camisa/costas1.png Graphic file (type png)
<use ../assets/camisa/costas1.png>
Package luatex.def Info: ../assets/camisa/costas1.png  used on input line 667.
(luatex.def)             Requested size: 34.14322pt x 34.1393pt.
File: ../assets/camisa/costas1.png Graphic file (type png)
<use ../assets/camisa/costas1.png>
Package luatex.def Info: ../assets/camisa/costas1.png  used on input line 668.
(luatex.def)             Requested size: 34.14322pt x 34.1393pt.
File: ../assets/camisa/costas1.png Graphic file (type png)
<use ../assets/camisa/costas1.png>
Package luatex.def Info: ../assets/camisa/costas1.png  used on input line 669.
(luatex.def)             Requested size: 34.14322pt x 34.1393pt.
File: ../assets/camisa/costas1.png Graphic file (type png)
<use ../assets/camisa/costas1.png>
Package luatex.def Info: ../assets/camisa/costas1.png  used on input line 670.
(luatex.def)             Requested size: 34.14322pt x 34.1393pt.

Overfull \hbox (44.50333pt too wide) in paragraph at lines 672--673
[][]  
 []

File: ../assets/camisa/costas1.png Graphic file (type png)
<use ../assets/camisa/costas1.png>
Package luatex.def Info: ../assets/camisa/costas1.png  used on input line 681.
(luatex.def)             Requested size: 22.76228pt x 22.75952pt.
File: ../assets/camisa/costas1.png Graphic file (type png)
<use ../assets/camisa/costas1.png>
Package luatex.def Info: ../assets/camisa/costas1.png  used on input line 682.
(luatex.def)             Requested size: 22.76228pt x 22.75952pt.
File: ../assets/camisa/costas1.png Graphic file (type png)
<use ../assets/camisa/costas1.png>
Package luatex.def Info: ../assets/camisa/costas1.png  used on input line 683.
(luatex.def)             Requested size: 22.76228pt x 22.75952pt.
File: ../assets/camisa/costas1.png Graphic file (type png)
<use ../assets/camisa/costas1.png>
Package luatex.def Info: ../assets/camisa/costas1.png  used on input line 684.
(luatex.def)             Requested size: 22.76228pt x 22.75952pt.
File: ../assets/camisa/costas1.png Graphic file (type png)
<use ../assets/camisa/costas1.png>
Package luatex.def Info: ../assets/camisa/costas1.png  used on input line 685.
(luatex.def)             Requested size: 22.76228pt x 22.75952pt.
File: ../assets/camisa/costas1.png Graphic file (type png)
<use ../assets/camisa/costas1.png>
Package luatex.def Info: ../assets/camisa/costas1.png  used on input line 686.
(luatex.def)             Requested size: 22.76228pt x 22.75952pt.
File: ../assets/camisa/costas1.png Graphic file (type png)
<use ../assets/camisa/costas1.png>
Package luatex.def Info: ../assets/camisa/costas1.png  used on input line 687.
(luatex.def)             Requested size: 22.76228pt x 22.75952pt.
File: ../assets/camisa/costas1.png Graphic file (type png)
<use ../assets/camisa/costas1.png>
Package luatex.def Info: ../assets/camisa/costas1.png  used on input line 688.
(luatex.def)             Requested size: 22.76228pt x 22.75952pt.
File: ../assets/camisa/costas1.png Graphic file (type png)
<use ../assets/camisa/costas1.png>
Package luatex.def Info: ../assets/camisa/costas1.png  used on input line 689.
(luatex.def)             Requested size: 22.76228pt x 22.75952pt.
File: ../assets/camisa/costas1.png Graphic file (type png)
<use ../assets/camisa/costas1.png>
Package luatex.def Info: ../assets/camisa/costas1.png  used on input line 690.
(luatex.def)             Requested size: 22.76228pt x 22.75952pt.
File: ../assets/camisa/costas1.png Graphic file (type png)
<use ../assets/camisa/costas1.png>
Package luatex.def Info: ../assets/camisa/costas1.png  used on input line 691.
(luatex.def)             Requested size: 22.76228pt x 22.75952pt.
File: ../assets/camisa/costas1.png Graphic file (type png)
<use ../assets/camisa/costas1.png>
Package luatex.def Info: ../assets/camisa/costas1.png  used on input line 692.
(luatex.def)             Requested size: 22.76228pt x 22.75952pt.


[7]
Package svg Info: Last page of `./svg-inkscape/fluminense_svg-tex.pdf' is 1 on 
input line 720.
 (./svg-inkscape/fluminense_svg-tex.pdf_tex
<./svg-inkscape/fluminense_svg-tex.pdf, id=45, page=1, 219.65161pt x 254.4822pt
>
File: ./svg-inkscape/fluminense_svg-tex.pdf Graphic file (type pdf)
<use ./svg-inkscape/fluminense_svg-tex.pdf, page 1>
Package luatex.def Info: ./svg-inkscape/fluminense_svg-tex.pdf , page1 used on 
input line 56.
(luatex.def)             Requested size: 11.34146pt x 13.13646pt.
)
Package svg Info: Last page of `./svg-inkscape/gremio_svg-tex.pdf' is 1 on inpu
t line 720.

(./svg-inkscape/gremio_svg-tex.pdf_tex
<./svg-inkscape/gremio_svg-tex.pdf, id=47, page=1, 271.71262pt x 271.71262pt>
File: ./svg-inkscape/gremio_svg-tex.pdf Graphic file (type pdf)
<use ./svg-inkscape/gremio_svg-tex.pdf, page 1>
Package luatex.def Info: ./svg-inkscape/gremio_svg-tex.pdf , page1 used on inpu
t line 56.
(luatex.def)             Requested size: 13.13995pt x 13.13866pt.
)
File: ../assets/pitch/pitch.png Graphic file (type png)
<use ../assets/pitch/pitch.png>
Package luatex.def Info: ../assets/pitch/pitch.png  used on input line 727.
(luatex.def)             Requested size: 256.0748pt x 384.09811pt.
File: ../assets/camisa/costas1.png Graphic file (type png)
<use ../assets/camisa/costas1.png>
Package luatex.def Info: ../assets/camisa/costas1.png  used on input line 729.
(luatex.def)             Requested size: 34.14322pt x 34.1393pt.
File: ../assets/camisa/costas1.png Graphic file (type png)
<use ../assets/camisa/costas1.png>
Package luatex.def Info: ../assets/camisa/costas1.png  used on input line 730.
(luatex.def)             Requested size: 34.14322pt x 34.1393pt.
File: ../assets/camisa/costas1.png Graphic file (type png)
<use ../assets/camisa/costas1.png>
Package luatex.def Info: ../assets/camisa/costas1.png  used on input line 731.
(luatex.def)             Requested size: 34.14322pt x 34.1393pt.
File: ../assets/camisa/costas1.png Graphic file (type png)
<use ../assets/camisa/costas1.png>
Package luatex.def Info: ../assets/camisa/costas1.png  used on input line 732.
(luatex.def)             Requested size: 34.14322pt x 34.1393pt.
File: ../assets/camisa/costas1.png Graphic file (type png)
<use ../assets/camisa/costas1.png>
Package luatex.def Info: ../assets/camisa/costas1.png  used on input line 733.
(luatex.def)             Requested size: 34.14322pt x 34.1393pt.
File: ../assets/camisa/costas1.png Graphic file (type png)
<use ../assets/camisa/costas1.png>
Package luatex.def Info: ../assets/camisa/costas1.png  used on input line 734.
(luatex.def)             Requested size: 34.14322pt x 34.1393pt.
File: ../assets/camisa/costas1.png Graphic file (type png)
<use ../assets/camisa/costas1.png>
Package luatex.def Info: ../assets/camisa/costas1.png  used on input line 735.
(luatex.def)             Requested size: 34.14322pt x 34.1393pt.
File: ../assets/camisa/costas1.png Graphic file (type png)
<use ../assets/camisa/costas1.png>
Package luatex.def Info: ../assets/camisa/costas1.png  used on input line 736.
(luatex.def)             Requested size: 34.14322pt x 34.1393pt.
File: ../assets/camisa/costas1.png Graphic file (type png)
<use ../assets/camisa/costas1.png>
Package luatex.def Info: ../assets/camisa/costas1.png  used on input line 737.
(luatex.def)             Requested size: 34.14322pt x 34.1393pt.
File: ../assets/camisa/costas1.png Graphic file (type png)
<use ../assets/camisa/costas1.png>
Package luatex.def Info: ../assets/camisa/costas1.png  used on input line 738.
(luatex.def)             Requested size: 34.14322pt x 34.1393pt.
File: ../assets/camisa/costas1.png Graphic file (type png)
<use ../assets/camisa/costas1.png>
Package luatex.def Info: ../assets/camisa/costas1.png  used on input line 739.
(luatex.def)             Requested size: 34.14322pt x 34.1393pt.

Overfull \hbox (44.50333pt too wide) in paragraph at lines 741--742
[][]  
 []

File: ../assets/camisa/costas1.png Graphic file (type png)
<use ../assets/camisa/costas1.png>
Package luatex.def Info: ../assets/camisa/costas1.png  used on input line 750.
(luatex.def)             Requested size: 22.76228pt x 22.75952pt.
File: ../assets/camisa/costas1.png Graphic file (type png)
<use ../assets/camisa/costas1.png>
Package luatex.def Info: ../assets/camisa/costas1.png  used on input line 751.
(luatex.def)             Requested size: 22.76228pt x 22.75952pt.
File: ../assets/camisa/costas1.png Graphic file (type png)
<use ../assets/camisa/costas1.png>
Package luatex.def Info: ../assets/camisa/costas1.png  used on input line 752.
(luatex.def)             Requested size: 22.76228pt x 22.75952pt.
File: ../assets/camisa/costas1.png Graphic file (type png)
<use ../assets/camisa/costas1.png>
Package luatex.def Info: ../assets/camisa/costas1.png  used on input line 753.
(luatex.def)             Requested size: 22.76228pt x 22.75952pt.
File: ../assets/camisa/costas1.png Graphic file (type png)
<use ../assets/camisa/costas1.png>
Package luatex.def Info: ../assets/camisa/costas1.png  used on input line 754.
(luatex.def)             Requested size: 22.76228pt x 22.75952pt.
File: ../assets/camisa/costas1.png Graphic file (type png)
<use ../assets/camisa/costas1.png>
Package luatex.def Info: ../assets/camisa/costas1.png  used on input line 755.
(luatex.def)             Requested size: 22.76228pt x 22.75952pt.
File: ../assets/camisa/costas1.png Graphic file (type png)
<use ../assets/camisa/costas1.png>
Package luatex.def Info: ../assets/camisa/costas1.png  used on input line 756.
(luatex.def)             Requested size: 22.76228pt x 22.75952pt.
File: ../assets/camisa/costas1.png Graphic file (type png)
<use ../assets/camisa/costas1.png>
Package luatex.def Info: ../assets/camisa/costas1.png  used on input line 757.
(luatex.def)             Requested size: 22.76228pt x 22.75952pt.
File: ../assets/camisa/costas1.png Graphic file (type png)
<use ../assets/camisa/costas1.png>
Package luatex.def Info: ../assets/camisa/costas1.png  used on input line 758.
(luatex.def)             Requested size: 22.76228pt x 22.75952pt.
File: ../assets/camisa/costas1.png Graphic file (type png)
<use ../assets/camisa/costas1.png>
Package luatex.def Info: ../assets/camisa/costas1.png  used on input line 759.
(luatex.def)             Requested size: 22.76228pt x 22.75952pt.
File: ../assets/camisa/costas1.png Graphic file (type png)
<use ../assets/camisa/costas1.png>
Package luatex.def Info: ../assets/camisa/costas1.png  used on input line 760.
(luatex.def)             Requested size: 22.76228pt x 22.75952pt.
File: ../assets/camisa/costas1.png Graphic file (type png)
<use ../assets/camisa/costas1.png>
Package luatex.def Info: ../assets/camisa/costas1.png  used on input line 761.
(luatex.def)             Requested size: 22.76228pt x 22.75952pt.


[8<./svg-inkscape/fluminense_svg-tex.pdf><./svg-inkscape/gremio_svg-tex.pdf>]
File: ../assets/pitch/pitch.png Graphic file (type png)
<use ../assets/pitch/pitch.png>
Package luatex.def Info: ../assets/pitch/pitch.png  used on input line 804.
(luatex.def)             Requested size: 256.0748pt x 384.09811pt.
File: ../assets/camisa/costas1.png Graphic file (type png)
<use ../assets/camisa/costas1.png>
Package luatex.def Info: ../assets/camisa/costas1.png  used on input line 806.
(luatex.def)             Requested size: 34.14322pt x 34.1393pt.
File: ../assets/camisa/costas1.png Graphic file (type png)
<use ../assets/camisa/costas1.png>
Package luatex.def Info: ../assets/camisa/costas1.png  used on input line 807.
(luatex.def)             Requested size: 34.14322pt x 34.1393pt.
File: ../assets/camisa/costas1.png Graphic file (type png)
<use ../assets/camisa/costas1.png>
Package luatex.def Info: ../assets/camisa/costas1.png  used on input line 808.
(luatex.def)             Requested size: 34.14322pt x 34.1393pt.
File: ../assets/camisa/costas1.png Graphic file (type png)
<use ../assets/camisa/costas1.png>
Package luatex.def Info: ../assets/camisa/costas1.png  used on input line 809.
(luatex.def)             Requested size: 34.14322pt x 34.1393pt.
File: ../assets/camisa/costas1.png Graphic file (type png)
<use ../assets/camisa/costas1.png>
Package luatex.def Info: ../assets/camisa/costas1.png  used on input line 810.
(luatex.def)             Requested size: 34.14322pt x 34.1393pt.
File: ../assets/camisa/costas1.png Graphic file (type png)
<use ../assets/camisa/costas1.png>
Package luatex.def Info: ../assets/camisa/costas1.png  used on input line 811.
(luatex.def)             Requested size: 34.14322pt x 34.1393pt.
File: ../assets/camisa/costas1.png Graphic file (type png)
<use ../assets/camisa/costas1.png>
Package luatex.def Info: ../assets/camisa/costas1.png  used on input line 812.
(luatex.def)             Requested size: 34.14322pt x 34.1393pt.
File: ../assets/camisa/costas1.png Graphic file (type png)
<use ../assets/camisa/costas1.png>
Package luatex.def Info: ../assets/camisa/costas1.png  used on input line 813.
(luatex.def)             Requested size: 34.14322pt x 34.1393pt.
File: ../assets/camisa/costas1.png Graphic file (type png)
<use ../assets/camisa/costas1.png>
Package luatex.def Info: ../assets/camisa/costas1.png  used on input line 814.
(luatex.def)             Requested size: 34.14322pt x 34.1393pt.
File: ../assets/camisa/costas1.png Graphic file (type png)
<use ../assets/camisa/costas1.png>
Package luatex.def Info: ../assets/camisa/costas1.png  used on input line 815.
(luatex.def)             Requested size: 34.14322pt x 34.1393pt.
File: ../assets/camisa/costas1.png Graphic file (type png)
<use ../assets/camisa/costas1.png>
Package luatex.def Info: ../assets/camisa/costas1.png  used on input line 816.
(luatex.def)             Requested size: 34.14322pt x 34.1393pt.

Overfull \hbox (44.50333pt too wide) in paragraph at lines 818--819
[][]  
 []

File: ../assets/camisa/costas1.png Graphic file (type png)
<use ../assets/camisa/costas1.png>
Package luatex.def Info: ../assets/camisa/costas1.png  used on input line 827.
(luatex.def)             Requested size: 22.76228pt x 22.75952pt.
File: ../assets/camisa/costas1.png Graphic file (type png)
<use ../assets/camisa/costas1.png>
Package luatex.def Info: ../assets/camisa/costas1.png  used on input line 828.
(luatex.def)             Requested size: 22.76228pt x 22.75952pt.
File: ../assets/camisa/costas1.png Graphic file (type png)
<use ../assets/camisa/costas1.png>
Package luatex.def Info: ../assets/camisa/costas1.png  used on input line 829.
(luatex.def)             Requested size: 22.76228pt x 22.75952pt.
File: ../assets/camisa/costas1.png Graphic file (type png)
<use ../assets/camisa/costas1.png>
Package luatex.def Info: ../assets/camisa/costas1.png  used on input line 830.
(luatex.def)             Requested size: 22.76228pt x 22.75952pt.
File: ../assets/camisa/costas1.png Graphic file (type png)
<use ../assets/camisa/costas1.png>
Package luatex.def Info: ../assets/camisa/costas1.png  used on input line 831.
(luatex.def)             Requested size: 22.76228pt x 22.75952pt.
File: ../assets/camisa/costas1.png Graphic file (type png)
<use ../assets/camisa/costas1.png>
Package luatex.def Info: ../assets/camisa/costas1.png  used on input line 832.
(luatex.def)             Requested size: 22.76228pt x 22.75952pt.
File: ../assets/camisa/costas1.png Graphic file (type png)
<use ../assets/camisa/costas1.png>
Package luatex.def Info: ../assets/camisa/costas1.png  used on input line 833.
(luatex.def)             Requested size: 22.76228pt x 22.75952pt.
File: ../assets/camisa/costas1.png Graphic file (type png)
<use ../assets/camisa/costas1.png>
Package luatex.def Info: ../assets/camisa/costas1.png  used on input line 834.
(luatex.def)             Requested size: 22.76228pt x 22.75952pt.
File: ../assets/camisa/costas1.png Graphic file (type png)
<use ../assets/camisa/costas1.png>
Package luatex.def Info: ../assets/camisa/costas1.png  used on input line 835.
(luatex.def)             Requested size: 22.76228pt x 22.75952pt.
File: ../assets/camisa/costas1.png Graphic file (type png)
<use ../assets/camisa/costas1.png>
Package luatex.def Info: ../assets/camisa/costas1.png  used on input line 836.
(luatex.def)             Requested size: 22.76228pt x 22.75952pt.
File: ../assets/camisa/costas1.png Graphic file (type png)
<use ../assets/camisa/costas1.png>
Package luatex.def Info: ../assets/camisa/costas1.png  used on input line 837.
(luatex.def)             Requested size: 22.76228pt x 22.75952pt.
File: ../assets/camisa/costas1.png Graphic file (type png)
<use ../assets/camisa/costas1.png>
Package luatex.def Info: ../assets/camisa/costas1.png  used on input line 838.
(luatex.def)             Requested size: 22.76228pt x 22.75952pt.


[9]
Package svg Info: Last page of `./svg-inkscape/gremio_svg-tex.pdf' is 1 on inpu
t line 865.
 (./svg-inkscape/gremio_svg-tex.pdf_tex
File: ./svg-inkscape/gremio_svg-tex.pdf Graphic file (type pdf)
<use ./svg-inkscape/gremio_svg-tex.pdf, page 1>
Package luatex.def Info: ./svg-inkscape/gremio_svg-tex.pdf , page1 used on inpu
t line 56.
(luatex.def)             Requested size: 13.13995pt x 13.13866pt.
)
Package svg Info: Last page of `./svg-inkscape/botafogo_svg-tex.pdf' is 1 on in
put line 865.

(./svg-inkscape/botafogo_svg-tex.pdf_tex
<./svg-inkscape/botafogo_svg-tex.pdf, id=60, page=1, 379.39714pt x 436.78181pt>

File: ./svg-inkscape/botafogo_svg-tex.pdf Graphic file (type pdf)
<use ./svg-inkscape/botafogo_svg-tex.pdf, page 1>
Package luatex.def Info: ./svg-inkscape/botafogo_svg-tex.pdf , page1 used on in
put line 56.
(luatex.def)             Requested size: 11.41364pt x 13.1362pt.
)
File: ../assets/pitch/pitch.png Graphic file (type png)
<use ../assets/pitch/pitch.png>
Package luatex.def Info: ../assets/pitch/pitch.png  used on input line 872.
(luatex.def)             Requested size: 256.0748pt x 384.09811pt.
File: ../assets/camisa/costas1.png Graphic file (type png)
<use ../assets/camisa/costas1.png>
Package luatex.def Info: ../assets/camisa/costas1.png  used on input line 874.
(luatex.def)             Requested size: 34.14322pt x 34.1393pt.
File: ../assets/camisa/costas1.png Graphic file (type png)
<use ../assets/camisa/costas1.png>
Package luatex.def Info: ../assets/camisa/costas1.png  used on input line 875.
(luatex.def)             Requested size: 34.14322pt x 34.1393pt.
File: ../assets/camisa/costas1.png Graphic file (type png)
<use ../assets/camisa/costas1.png>
Package luatex.def Info: ../assets/camisa/costas1.png  used on input line 876.
(luatex.def)             Requested size: 34.14322pt x 34.1393pt.
File: ../assets/camisa/costas1.png Graphic file (type png)
<use ../assets/camisa/costas1.png>
Package luatex.def Info: ../assets/camisa/costas1.png  used on input line 877.
(luatex.def)             Requested size: 34.14322pt x 34.1393pt.
File: ../assets/camisa/costas1.png Graphic file (type png)
<use ../assets/camisa/costas1.png>
Package luatex.def Info: ../assets/camisa/costas1.png  used on input line 878.
(luatex.def)             Requested size: 34.14322pt x 34.1393pt.
File: ../assets/camisa/costas1.png Graphic file (type png)
<use ../assets/camisa/costas1.png>
Package luatex.def Info: ../assets/camisa/costas1.png  used on input line 879.
(luatex.def)             Requested size: 34.14322pt x 34.1393pt.
File: ../assets/camisa/costas1.png Graphic file (type png)
<use ../assets/camisa/costas1.png>
Package luatex.def Info: ../assets/camisa/costas1.png  used on input line 880.
(luatex.def)             Requested size: 34.14322pt x 34.1393pt.
File: ../assets/camisa/costas1.png Graphic file (type png)
<use ../assets/camisa/costas1.png>
Package luatex.def Info: ../assets/camisa/costas1.png  used on input line 881.
(luatex.def)             Requested size: 34.14322pt x 34.1393pt.
File: ../assets/camisa/costas1.png Graphic file (type png)
<use ../assets/camisa/costas1.png>
Package luatex.def Info: ../assets/camisa/costas1.png  used on input line 882.
(luatex.def)             Requested size: 34.14322pt x 34.1393pt.
File: ../assets/camisa/costas1.png Graphic file (type png)
<use ../assets/camisa/costas1.png>
Package luatex.def Info: ../assets/camisa/costas1.png  used on input line 883.
(luatex.def)             Requested size: 34.14322pt x 34.1393pt.
File: ../assets/camisa/costas1.png Graphic file (type png)
<use ../assets/camisa/costas1.png>
Package luatex.def Info: ../assets/camisa/costas1.png  used on input line 884.
(luatex.def)             Requested size: 34.14322pt x 34.1393pt.

Overfull \hbox (44.50333pt too wide) in paragraph at lines 886--887
[][]  
 []

File: ../assets/camisa/costas1.png Graphic file (type png)
<use ../assets/camisa/costas1.png>
Package luatex.def Info: ../assets/camisa/costas1.png  used on input line 895.
(luatex.def)             Requested size: 22.76228pt x 22.75952pt.
File: ../assets/camisa/costas1.png Graphic file (type png)
<use ../assets/camisa/costas1.png>
Package luatex.def Info: ../assets/camisa/costas1.png  used on input line 896.
(luatex.def)             Requested size: 22.76228pt x 22.75952pt.
File: ../assets/camisa/costas1.png Graphic file (type png)
<use ../assets/camisa/costas1.png>
Package luatex.def Info: ../assets/camisa/costas1.png  used on input line 897.
(luatex.def)             Requested size: 22.76228pt x 22.75952pt.
File: ../assets/camisa/costas1.png Graphic file (type png)
<use ../assets/camisa/costas1.png>
Package luatex.def Info: ../assets/camisa/costas1.png  used on input line 898.
(luatex.def)             Requested size: 22.76228pt x 22.75952pt.
File: ../assets/camisa/costas1.png Graphic file (type png)
<use ../assets/camisa/costas1.png>
Package luatex.def Info: ../assets/camisa/costas1.png  used on input line 899.
(luatex.def)             Requested size: 22.76228pt x 22.75952pt.
File: ../assets/camisa/costas1.png Graphic file (type png)
<use ../assets/camisa/costas1.png>
Package luatex.def Info: ../assets/camisa/costas1.png  used on input line 900.
(luatex.def)             Requested size: 22.76228pt x 22.75952pt.
File: ../assets/camisa/costas1.png Graphic file (type png)
<use ../assets/camisa/costas1.png>
Package luatex.def Info: ../assets/camisa/costas1.png  used on input line 901.
(luatex.def)             Requested size: 22.76228pt x 22.75952pt.
File: ../assets/camisa/costas1.png Graphic file (type png)
<use ../assets/camisa/costas1.png>
Package luatex.def Info: ../assets/camisa/costas1.png  used on input line 902.
(luatex.def)             Requested size: 22.76228pt x 22.75952pt.
File: ../assets/camisa/costas1.png Graphic file (type png)
<use ../assets/camisa/costas1.png>
Package luatex.def Info: ../assets/camisa/costas1.png  used on input line 903.
(luatex.def)             Requested size: 22.76228pt x 22.75952pt.
File: ../assets/camisa/costas1.png Graphic file (type png)
<use ../assets/camisa/costas1.png>
Package luatex.def Info: ../assets/camisa/costas1.png  used on input line 904.
(luatex.def)             Requested size: 22.76228pt x 22.75952pt.
File: ../assets/camisa/costas1.png Graphic file (type png)
<use ../assets/camisa/costas1.png>
Package luatex.def Info: ../assets/camisa/costas1.png  used on input line 905.
(luatex.def)             Requested size: 22.76228pt x 22.75952pt.
File: ../assets/camisa/costas1.png Graphic file (type png)
<use ../assets/camisa/costas1.png>
Package luatex.def Info: ../assets/camisa/costas1.png  used on input line 906.
(luatex.def)             Requested size: 22.76228pt x 22.75952pt.


[10<./svg-inkscape/botafogo_svg-tex.pdf>]
File: ../assets/pitch/pitch.png Graphic file (type png)
<use ../assets/pitch/pitch.png>
Package luatex.def Info: ../assets/pitch/pitch.png  used on input line 949.
(luatex.def)             Requested size: 256.0748pt x 384.09811pt.
File: ../assets/camisa/costas1.png Graphic file (type png)
<use ../assets/camisa/costas1.png>
Package luatex.def Info: ../assets/camisa/costas1.png  used on input line 951.
(luatex.def)             Requested size: 34.14322pt x 34.1393pt.
File: ../assets/camisa/costas1.png Graphic file (type png)
<use ../assets/camisa/costas1.png>
Package luatex.def Info: ../assets/camisa/costas1.png  used on input line 952.
(luatex.def)             Requested size: 34.14322pt x 34.1393pt.
File: ../assets/camisa/costas1.png Graphic file (type png)
<use ../assets/camisa/costas1.png>
Package luatex.def Info: ../assets/camisa/costas1.png  used on input line 953.
(luatex.def)             Requested size: 34.14322pt x 34.1393pt.
File: ../assets/camisa/costas1.png Graphic file (type png)
<use ../assets/camisa/costas1.png>
Package luatex.def Info: ../assets/camisa/costas1.png  used on input line 954.
(luatex.def)             Requested size: 34.14322pt x 34.1393pt.
File: ../assets/camisa/costas1.png Graphic file (type png)
<use ../assets/camisa/costas1.png>
Package luatex.def Info: ../assets/camisa/costas1.png  used on input line 955.
(luatex.def)             Requested size: 34.14322pt x 34.1393pt.
File: ../assets/camisa/costas1.png Graphic file (type png)
<use ../assets/camisa/costas1.png>
Package luatex.def Info: ../assets/camisa/costas1.png  used on input line 956.
(luatex.def)             Requested size: 34.14322pt x 34.1393pt.
File: ../assets/camisa/costas1.png Graphic file (type png)
<use ../assets/camisa/costas1.png>
Package luatex.def Info: ../assets/camisa/costas1.png  used on input line 957.
(luatex.def)             Requested size: 34.14322pt x 34.1393pt.
File: ../assets/camisa/costas1.png Graphic file (type png)
<use ../assets/camisa/costas1.png>
Package luatex.def Info: ../assets/camisa/costas1.png  used on input line 958.
(luatex.def)             Requested size: 34.14322pt x 34.1393pt.
File: ../assets/camisa/costas1.png Graphic file (type png)
<use ../assets/camisa/costas1.png>
Package luatex.def Info: ../assets/camisa/costas1.png  used on input line 959.
(luatex.def)             Requested size: 34.14322pt x 34.1393pt.
File: ../assets/camisa/costas1.png Graphic file (type png)
<use ../assets/camisa/costas1.png>
Package luatex.def Info: ../assets/camisa/costas1.png  used on input line 960.
(luatex.def)             Requested size: 34.14322pt x 34.1393pt.
File: ../assets/camisa/costas1.png Graphic file (type png)
<use ../assets/camisa/costas1.png>
Package luatex.def Info: ../assets/camisa/costas1.png  used on input line 961.
(luatex.def)             Requested size: 34.14322pt x 34.1393pt.

Overfull \hbox (44.50333pt too wide) in paragraph at lines 963--964
[][]  
 []

File: ../assets/camisa/costas1.png Graphic file (type png)
<use ../assets/camisa/costas1.png>
Package luatex.def Info: ../assets/camisa/costas1.png  used on input line 972.
(luatex.def)             Requested size: 22.76228pt x 22.75952pt.
File: ../assets/camisa/costas1.png Graphic file (type png)
<use ../assets/camisa/costas1.png>
Package luatex.def Info: ../assets/camisa/costas1.png  used on input line 973.
(luatex.def)             Requested size: 22.76228pt x 22.75952pt.
File: ../assets/camisa/costas1.png Graphic file (type png)
<use ../assets/camisa/costas1.png>
Package luatex.def Info: ../assets/camisa/costas1.png  used on input line 974.
(luatex.def)             Requested size: 22.76228pt x 22.75952pt.
File: ../assets/camisa/costas1.png Graphic file (type png)
<use ../assets/camisa/costas1.png>
Package luatex.def Info: ../assets/camisa/costas1.png  used on input line 975.
(luatex.def)             Requested size: 22.76228pt x 22.75952pt.
File: ../assets/camisa/costas1.png Graphic file (type png)
<use ../assets/camisa/costas1.png>
Package luatex.def Info: ../assets/camisa/costas1.png  used on input line 976.
(luatex.def)             Requested size: 22.76228pt x 22.75952pt.
File: ../assets/camisa/costas1.png Graphic file (type png)
<use ../assets/camisa/costas1.png>
Package luatex.def Info: ../assets/camisa/costas1.png  used on input line 977.
(luatex.def)             Requested size: 22.76228pt x 22.75952pt.
File: ../assets/camisa/costas1.png Graphic file (type png)
<use ../assets/camisa/costas1.png>
Package luatex.def Info: ../assets/camisa/costas1.png  used on input line 978.
(luatex.def)             Requested size: 22.76228pt x 22.75952pt.
File: ../assets/camisa/costas1.png Graphic file (type png)
<use ../assets/camisa/costas1.png>
Package luatex.def Info: ../assets/camisa/costas1.png  used on input line 979.
(luatex.def)             Requested size: 22.76228pt x 22.75952pt.
File: ../assets/camisa/costas1.png Graphic file (type png)
<use ../assets/camisa/costas1.png>
Package luatex.def Info: ../assets/camisa/costas1.png  used on input line 980.
(luatex.def)             Requested size: 22.76228pt x 22.75952pt.
File: ../assets/camisa/costas1.png Graphic file (type png)
<use ../assets/camisa/costas1.png>
Package luatex.def Info: ../assets/camisa/costas1.png  used on input line 981.
(luatex.def)             Requested size: 22.76228pt x 22.75952pt.
File: ../assets/camisa/costas1.png Graphic file (type png)
<use ../assets/camisa/costas1.png>
Package luatex.def Info: ../assets/camisa/costas1.png  used on input line 982.
(luatex.def)             Requested size: 22.76228pt x 22.75952pt.
File: ../assets/camisa/costas1.png Graphic file (type png)
<use ../assets/camisa/costas1.png>
Package luatex.def Info: ../assets/camisa/costas1.png  used on input line 983.
(luatex.def)             Requested size: 22.76228pt x 22.75952pt.


[11]
Package svg Info: Last page of `./svg-inkscape/sao_paulo_svg-tex.pdf' is 1 on i
nput line 1010.
 (./svg-inkscape/sao_paulo_svg-tex.pdf_tex
<./svg-inkscape/sao_paulo_svg-tex.pdf, id=73, page=1, 408.61835pt x 408.21184pt
>
File: ./svg-inkscape/sao_paulo_svg-tex.pdf Graphic file (type pdf)
<use ./svg-inkscape/sao_paulo_svg-tex.pdf, page 1>
Package luatex.def Info: ./svg-inkscape/sao_paulo_svg-tex.pdf , page1 used on i
nput line 56.
(luatex.def)             Requested size: 13.15439pt x 13.13654pt.
)
Package svg Info: Last page of `./svg-inkscape/gremio_svg-tex.pdf' is 1 on inpu
t line 1010.

(./svg-inkscape/gremio_svg-tex.pdf_tex
File: ./svg-inkscape/gremio_svg-tex.pdf Graphic file (type pdf)
<use ./svg-inkscape/gremio_svg-tex.pdf, page 1>
Package luatex.def Info: ./svg-inkscape/gremio_svg-tex.pdf , page1 used on inpu
t line 56.
(luatex.def)             Requested size: 13.13995pt x 13.13866pt.
)
File: ../assets/pitch/pitch.png Graphic file (type png)
<use ../assets/pitch/pitch.png>
Package luatex.def Info: ../assets/pitch/pitch.png  used on input line 1017.
(luatex.def)             Requested size: 256.0748pt x 384.09811pt.
File: ../assets/camisa/costas1.png Graphic file (type png)
<use ../assets/camisa/costas1.png>
Package luatex.def Info: ../assets/camisa/costas1.png  used on input line 1019.

(luatex.def)             Requested size: 34.14322pt x 34.1393pt.
File: ../assets/camisa/costas1.png Graphic file (type png)
<use ../assets/camisa/costas1.png>
Package luatex.def Info: ../assets/camisa/costas1.png  used on input line 1020.

(luatex.def)             Requested size: 34.14322pt x 34.1393pt.
File: ../assets/camisa/costas1.png Graphic file (type png)
<use ../assets/camisa/costas1.png>
Package luatex.def Info: ../assets/camisa/costas1.png  used on input line 1021.

(luatex.def)             Requested size: 34.14322pt x 34.1393pt.
File: ../assets/camisa/costas1.png Graphic file (type png)
<use ../assets/camisa/costas1.png>
Package luatex.def Info: ../assets/camisa/costas1.png  used on input line 1022.

(luatex.def)             Requested size: 34.14322pt x 34.1393pt.
File: ../assets/camisa/costas1.png Graphic file (type png)
<use ../assets/camisa/costas1.png>
Package luatex.def Info: ../assets/camisa/costas1.png  used on input line 1023.

(luatex.def)             Requested size: 34.14322pt x 34.1393pt.
File: ../assets/camisa/costas1.png Graphic file (type png)
<use ../assets/camisa/costas1.png>
Package luatex.def Info: ../assets/camisa/costas1.png  used on input line 1024.

(luatex.def)             Requested size: 34.14322pt x 34.1393pt.
File: ../assets/camisa/costas1.png Graphic file (type png)
<use ../assets/camisa/costas1.png>
Package luatex.def Info: ../assets/camisa/costas1.png  used on input line 1025.

(luatex.def)             Requested size: 34.14322pt x 34.1393pt.
File: ../assets/camisa/costas1.png Graphic file (type png)
<use ../assets/camisa/costas1.png>
Package luatex.def Info: ../assets/camisa/costas1.png  used on input line 1026.

(luatex.def)             Requested size: 34.14322pt x 34.1393pt.
File: ../assets/camisa/costas1.png Graphic file (type png)
<use ../assets/camisa/costas1.png>
Package luatex.def Info: ../assets/camisa/costas1.png  used on input line 1027.

(luatex.def)             Requested size: 34.14322pt x 34.1393pt.
File: ../assets/camisa/costas1.png Graphic file (type png)
<use ../assets/camisa/costas1.png>
Package luatex.def Info: ../assets/camisa/costas1.png  used on input line 1028.

(luatex.def)             Requested size: 34.14322pt x 34.1393pt.
File: ../assets/camisa/costas1.png Graphic file (type png)
<use ../assets/camisa/costas1.png>
Package luatex.def Info: ../assets/camisa/costas1.png  used on input line 1029.

(luatex.def)             Requested size: 34.14322pt x 34.1393pt.

Overfull \hbox (44.50333pt too wide) in paragraph at lines 1031--1032
[][]  
 []

File: ../assets/camisa/costas1.png Graphic file (type png)
<use ../assets/camisa/costas1.png>
Package luatex.def Info: ../assets/camisa/costas1.png  used on input line 1040.

(luatex.def)             Requested size: 22.76228pt x 22.75952pt.
File: ../assets/camisa/costas1.png Graphic file (type png)
<use ../assets/camisa/costas1.png>
Package luatex.def Info: ../assets/camisa/costas1.png  used on input line 1041.

(luatex.def)             Requested size: 22.76228pt x 22.75952pt.
File: ../assets/camisa/costas1.png Graphic file (type png)
<use ../assets/camisa/costas1.png>
Package luatex.def Info: ../assets/camisa/costas1.png  used on input line 1042.

(luatex.def)             Requested size: 22.76228pt x 22.75952pt.
File: ../assets/camisa/costas1.png Graphic file (type png)
<use ../assets/camisa/costas1.png>
Package luatex.def Info: ../assets/camisa/costas1.png  used on input line 1043.

(luatex.def)             Requested size: 22.76228pt x 22.75952pt.
File: ../assets/camisa/costas1.png Graphic file (type png)
<use ../assets/camisa/costas1.png>
Package luatex.def Info: ../assets/camisa/costas1.png  used on input line 1044.

(luatex.def)             Requested size: 22.76228pt x 22.75952pt.
File: ../assets/camisa/costas1.png Graphic file (type png)
<use ../assets/camisa/costas1.png>
Package luatex.def Info: ../assets/camisa/costas1.png  used on input line 1045.

(luatex.def)             Requested size: 22.76228pt x 22.75952pt.
File: ../assets/camisa/costas1.png Graphic file (type png)
<use ../assets/camisa/costas1.png>
Package luatex.def Info: ../assets/camisa/costas1.png  used on input line 1046.

(luatex.def)             Requested size: 22.76228pt x 22.75952pt.
File: ../assets/camisa/costas1.png Graphic file (type png)
<use ../assets/camisa/costas1.png>
Package luatex.def Info: ../assets/camisa/costas1.png  used on input line 1047.

(luatex.def)             Requested size: 22.76228pt x 22.75952pt.
File: ../assets/camisa/costas1.png Graphic file (type png)
<use ../assets/camisa/costas1.png>
Package luatex.def Info: ../assets/camisa/costas1.png  used on input line 1048.

(luatex.def)             Requested size: 22.76228pt x 22.75952pt.
File: ../assets/camisa/costas1.png Graphic file (type png)
<use ../assets/camisa/costas1.png>
Package luatex.def Info: ../assets/camisa/costas1.png  used on input line 1049.

(luatex.def)             Requested size: 22.76228pt x 22.75952pt.
File: ../assets/camisa/costas1.png Graphic file (type png)
<use ../assets/camisa/costas1.png>
Package luatex.def Info: ../assets/camisa/costas1.png  used on input line 1050.

(luatex.def)             Requested size: 22.76228pt x 22.75952pt.
File: ../assets/camisa/costas1.png Graphic file (type png)
<use ../assets/camisa/costas1.png>
Package luatex.def Info: ../assets/camisa/costas1.png  used on input line 1051.

(luatex.def)             Requested size: 22.76228pt x 22.75952pt.


[12<./svg-inkscape/sao_paulo_svg-tex.pdf>]
File: ../assets/pitch/pitch.png Graphic file (type png)
<use ../assets/pitch/pitch.png>
Package luatex.def Info: ../assets/pitch/pitch.png  used on input line 1094.
(luatex.def)             Requested size: 256.0748pt x 384.09811pt.
File: ../assets/camisa/costas1.png Graphic file (type png)
<use ../assets/camisa/costas1.png>
Package luatex.def Info: ../assets/camisa/costas1.png  used on input line 1096.

(luatex.def)             Requested size: 34.14322pt x 34.1393pt.
File: ../assets/camisa/costas1.png Graphic file (type png)
<use ../assets/camisa/costas1.png>
Package luatex.def Info: ../assets/camisa/costas1.png  used on input line 1097.

(luatex.def)             Requested size: 34.14322pt x 34.1393pt.
File: ../assets/camisa/costas1.png Graphic file (type png)
<use ../assets/camisa/costas1.png>
Package luatex.def Info: ../assets/camisa/costas1.png  used on input line 1098.

(luatex.def)             Requested size: 34.14322pt x 34.1393pt.
File: ../assets/camisa/costas1.png Graphic file (type png)
<use ../assets/camisa/costas1.png>
Package luatex.def Info: ../assets/camisa/costas1.png  used on input line 1099.

(luatex.def)             Requested size: 34.14322pt x 34.1393pt.
File: ../assets/camisa/costas1.png Graphic file (type png)
<use ../assets/camisa/costas1.png>
Package luatex.def Info: ../assets/camisa/costas1.png  used on input line 1100.

(luatex.def)             Requested size: 34.14322pt x 34.1393pt.
File: ../assets/camisa/costas1.png Graphic file (type png)
<use ../assets/camisa/costas1.png>
Package luatex.def Info: ../assets/camisa/costas1.png  used on input line 1101.

(luatex.def)             Requested size: 34.14322pt x 34.1393pt.
File: ../assets/camisa/costas1.png Graphic file (type png)
<use ../assets/camisa/costas1.png>
Package luatex.def Info: ../assets/camisa/costas1.png  used on input line 1102.

(luatex.def)             Requested size: 34.14322pt x 34.1393pt.
File: ../assets/camisa/costas1.png Graphic file (type png)
<use ../assets/camisa/costas1.png>
Package luatex.def Info: ../assets/camisa/costas1.png  used on input line 1103.

(luatex.def)             Requested size: 34.14322pt x 34.1393pt.
File: ../assets/camisa/costas1.png Graphic file (type png)
<use ../assets/camisa/costas1.png>
Package luatex.def Info: ../assets/camisa/costas1.png  used on input line 1104.

(luatex.def)             Requested size: 34.14322pt x 34.1393pt.
File: ../assets/camisa/costas1.png Graphic file (type png)
<use ../assets/camisa/costas1.png>
Package luatex.def Info: ../assets/camisa/costas1.png  used on input line 1105.

(luatex.def)             Requested size: 34.14322pt x 34.1393pt.
File: ../assets/camisa/costas1.png Graphic file (type png)
<use ../assets/camisa/costas1.png>
Package luatex.def Info: ../assets/camisa/costas1.png  used on input line 1106.

(luatex.def)             Requested size: 34.14322pt x 34.1393pt.

Overfull \hbox (44.50333pt too wide) in paragraph at lines 1108--1109
[][]  
 []

File: ../assets/camisa/costas1.png Graphic file (type png)
<use ../assets/camisa/costas1.png>
Package luatex.def Info: ../assets/camisa/costas1.png  used on input line 1117.

(luatex.def)             Requested size: 22.76228pt x 22.75952pt.
File: ../assets/camisa/costas1.png Graphic file (type png)
<use ../assets/camisa/costas1.png>
Package luatex.def Info: ../assets/camisa/costas1.png  used on input line 1118.

(luatex.def)             Requested size: 22.76228pt x 22.75952pt.
File: ../assets/camisa/costas1.png Graphic file (type png)
<use ../assets/camisa/costas1.png>
Package luatex.def Info: ../assets/camisa/costas1.png  used on input line 1119.

(luatex.def)             Requested size: 22.76228pt x 22.75952pt.
File: ../assets/camisa/costas1.png Graphic file (type png)
<use ../assets/camisa/costas1.png>
Package luatex.def Info: ../assets/camisa/costas1.png  used on input line 1120.

(luatex.def)             Requested size: 22.76228pt x 22.75952pt.
File: ../assets/camisa/costas1.png Graphic file (type png)
<use ../assets/camisa/costas1.png>
Package luatex.def Info: ../assets/camisa/costas1.png  used on input line 1121.

(luatex.def)             Requested size: 22.76228pt x 22.75952pt.
File: ../assets/camisa/costas1.png Graphic file (type png)
<use ../assets/camisa/costas1.png>
Package luatex.def Info: ../assets/camisa/costas1.png  used on input line 1122.

(luatex.def)             Requested size: 22.76228pt x 22.75952pt.
File: ../assets/camisa/costas1.png Graphic file (type png)
<use ../assets/camisa/costas1.png>
Package luatex.def Info: ../assets/camisa/costas1.png  used on input line 1123.

(luatex.def)             Requested size: 22.76228pt x 22.75952pt.
File: ../assets/camisa/costas1.png Graphic file (type png)
<use ../assets/camisa/costas1.png>
Package luatex.def Info: ../assets/camisa/costas1.png  used on input line 1124.

(luatex.def)             Requested size: 22.76228pt x 22.75952pt.
File: ../assets/camisa/costas1.png Graphic file (type png)
<use ../assets/camisa/costas1.png>
Package luatex.def Info: ../assets/camisa/costas1.png  used on input line 1125.

(luatex.def)             Requested size: 22.76228pt x 22.75952pt.
File: ../assets/camisa/costas1.png Graphic file (type png)
<use ../assets/camisa/costas1.png>
Package luatex.def Info: ../assets/camisa/costas1.png  used on input line 1126.

(luatex.def)             Requested size: 22.76228pt x 22.75952pt.
File: ../assets/camisa/costas1.png Graphic file (type png)
<use ../assets/camisa/costas1.png>
Package luatex.def Info: ../assets/camisa/costas1.png  used on input line 1127.

(luatex.def)             Requested size: 22.76228pt x 22.75952pt.
File: ../assets/camisa/costas1.png Graphic file (type png)
<use ../assets/camisa/costas1.png>
Package luatex.def Info: ../assets/camisa/costas1.png  used on input line 1128.

(luatex.def)             Requested size: 22.76228pt x 22.75952pt.


[13]
File: ../assets/pitch/pitch.png Graphic file (type png)
<use ../assets/pitch/pitch.png>
Package luatex.def Info: ../assets/pitch/pitch.png  used on input line 1161.
(luatex.def)             Requested size: 256.0748pt x 384.09811pt.
File: ../assets/camisa/costas1.png Graphic file (type png)
<use ../assets/camisa/costas1.png>
Package luatex.def Info: ../assets/camisa/costas1.png  used on input line 1163.

(luatex.def)             Requested size: 34.14322pt x 34.1393pt.
File: ../assets/camisa/costas1.png Graphic file (type png)
<use ../assets/camisa/costas1.png>
Package luatex.def Info: ../assets/camisa/costas1.png  used on input line 1164.

(luatex.def)             Requested size: 34.14322pt x 34.1393pt.
File: ../assets/camisa/costas1.png Graphic file (type png)
<use ../assets/camisa/costas1.png>
Package luatex.def Info: ../assets/camisa/costas1.png  used on input line 1165.

(luatex.def)             Requested size: 34.14322pt x 34.1393pt.
File: ../assets/camisa/costas1.png Graphic file (type png)
<use ../assets/camisa/costas1.png>
Package luatex.def Info: ../assets/camisa/costas1.png  used on input line 1166.

(luatex.def)             Requested size: 34.14322pt x 34.1393pt.
File: ../assets/camisa/costas1.png Graphic file (type png)
<use ../assets/camisa/costas1.png>
Package luatex.def Info: ../assets/camisa/costas1.png  used on input line 1167.

(luatex.def)             Requested size: 34.14322pt x 34.1393pt.
File: ../assets/camisa/costas1.png Graphic file (type png)
<use ../assets/camisa/costas1.png>
Package luatex.def Info: ../assets/camisa/costas1.png  used on input line 1168.

(luatex.def)             Requested size: 34.14322pt x 34.1393pt.
File: ../assets/camisa/costas1.png Graphic file (type png)
<use ../assets/camisa/costas1.png>
Package luatex.def Info: ../assets/camisa/costas1.png  used on input line 1169.

(luatex.def)             Requested size: 34.14322pt x 34.1393pt.
File: ../assets/camisa/costas1.png Graphic file (type png)
<use ../assets/camisa/costas1.png>
Package luatex.def Info: ../assets/camisa/costas1.png  used on input line 1170.

(luatex.def)             Requested size: 34.14322pt x 34.1393pt.
File: ../assets/camisa/costas1.png Graphic file (type png)
<use ../assets/camisa/costas1.png>
Package luatex.def Info: ../assets/camisa/costas1.png  used on input line 1171.

(luatex.def)             Requested size: 34.14322pt x 34.1393pt.
File: ../assets/camisa/costas1.png Graphic file (type png)
<use ../assets/camisa/costas1.png>
Package luatex.def Info: ../assets/camisa/costas1.png  used on input line 1172.

(luatex.def)             Requested size: 34.14322pt x 34.1393pt.
File: ../assets/camisa/costas1.png Graphic file (type png)
<use ../assets/camisa/costas1.png>
Package luatex.def Info: ../assets/camisa/costas1.png  used on input line 1173.

(luatex.def)             Requested size: 34.14322pt x 34.1393pt.

Overfull \hbox (44.50333pt too wide) in paragraph at lines 1175--1176
[][]  
 []

File: ../assets/camisa/costas1.png Graphic file (type png)
<use ../assets/camisa/costas1.png>
Package luatex.def Info: ../assets/camisa/costas1.png  used on input line 1184.

(luatex.def)             Requested size: 22.76228pt x 22.75952pt.
File: ../assets/camisa/costas1.png Graphic file (type png)
<use ../assets/camisa/costas1.png>
Package luatex.def Info: ../assets/camisa/costas1.png  used on input line 1185.

(luatex.def)             Requested size: 22.76228pt x 22.75952pt.
File: ../assets/camisa/costas1.png Graphic file (type png)
<use ../assets/camisa/costas1.png>
Package luatex.def Info: ../assets/camisa/costas1.png  used on input line 1186.

(luatex.def)             Requested size: 22.76228pt x 22.75952pt.
File: ../assets/camisa/costas1.png Graphic file (type png)
<use ../assets/camisa/costas1.png>
Package luatex.def Info: ../assets/camisa/costas1.png  used on input line 1187.

(luatex.def)             Requested size: 22.76228pt x 22.75952pt.
File: ../assets/camisa/costas1.png Graphic file (type png)
<use ../assets/camisa/costas1.png>
Package luatex.def Info: ../assets/camisa/costas1.png  used on input line 1188.

(luatex.def)             Requested size: 22.76228pt x 22.75952pt.
File: ../assets/camisa/costas1.png Graphic file (type png)
<use ../assets/camisa/costas1.png>
Package luatex.def Info: ../assets/camisa/costas1.png  used on input line 1189.

(luatex.def)             Requested size: 22.76228pt x 22.75952pt.
File: ../assets/camisa/costas1.png Graphic file (type png)
<use ../assets/camisa/costas1.png>
Package luatex.def Info: ../assets/camisa/costas1.png  used on input line 1190.

(luatex.def)             Requested size: 22.76228pt x 22.75952pt.
File: ../assets/camisa/costas1.png Graphic file (type png)
<use ../assets/camisa/costas1.png>
Package luatex.def Info: ../assets/camisa/costas1.png  used on input line 1191.

(luatex.def)             Requested size: 22.76228pt x 22.75952pt.
File: ../assets/camisa/costas1.png Graphic file (type png)
<use ../assets/camisa/costas1.png>
Package luatex.def Info: ../assets/camisa/costas1.png  used on input line 1192.

(luatex.def)             Requested size: 22.76228pt x 22.75952pt.
File: ../assets/camisa/costas1.png Graphic file (type png)
<use ../assets/camisa/costas1.png>
Package luatex.def Info: ../assets/camisa/costas1.png  used on input line 1193.

(luatex.def)             Requested size: 22.76228pt x 22.75952pt.
File: ../assets/camisa/costas1.png Graphic file (type png)
<use ../assets/camisa/costas1.png>
Package luatex.def Info: ../assets/camisa/costas1.png  used on input line 1194.

(luatex.def)             Requested size: 22.76228pt x 22.75952pt.
File: ../assets/camisa/costas1.png Graphic file (type png)
<use ../assets/camisa/costas1.png>
Package luatex.def Info: ../assets/camisa/costas1.png  used on input line 1195.

(luatex.def)             Requested size: 22.76228pt x 22.75952pt.


[14]
Package svg Info: Last page of `./svg-inkscape/gremio_svg-tex.pdf' is 1 on inpu
t line 1224.
 (./svg-inkscape/gremio_svg-tex.pdf_tex
File: ./svg-inkscape/gremio_svg-tex.pdf Graphic file (type pdf)
<use ./svg-inkscape/gremio_svg-tex.pdf, page 1>
Package luatex.def Info: ./svg-inkscape/gremio_svg-tex.pdf , page1 used on inpu
t line 56.
(luatex.def)             Requested size: 13.13995pt x 13.13866pt.
)
Package svg Info: Last page of `./svg-inkscape/atletico_mg_svg-tex.pdf' is 1 on
 input line 1224.

(./svg-inkscape/atletico_mg_svg-tex.pdf_tex
<./svg-inkscape/atletico_mg_svg-tex.pdf, id=91, page=1, 530.73282pt x 639.83792
pt>
File: ./svg-inkscape/atletico_mg_svg-tex.pdf Graphic file (type pdf)
<use ./svg-inkscape/atletico_mg_svg-tex.pdf, page 1>
Package luatex.def Info: ./svg-inkscape/atletico_mg_svg-tex.pdf , page1 used on
 input line 56.
(luatex.def)             Requested size: 10.89937pt x 13.1314pt.
)
File: ../assets/pitch/pitch.png Graphic file (type png)
<use ../assets/pitch/pitch.png>
Package luatex.def Info: ../assets/pitch/pitch.png  used on input line 1231.
(luatex.def)             Requested size: 256.0748pt x 384.09811pt.
File: ../assets/camisa/costas1.png Graphic file (type png)
<use ../assets/camisa/costas1.png>
Package luatex.def Info: ../assets/camisa/costas1.png  used on input line 1233.

(luatex.def)             Requested size: 34.14322pt x 34.1393pt.
File: ../assets/camisa/costas1.png Graphic file (type png)
<use ../assets/camisa/costas1.png>
Package luatex.def Info: ../assets/camisa/costas1.png  used on input line 1234.

(luatex.def)             Requested size: 34.14322pt x 34.1393pt.
File: ../assets/camisa/costas1.png Graphic file (type png)
<use ../assets/camisa/costas1.png>
Package luatex.def Info: ../assets/camisa/costas1.png  used on input line 1235.

(luatex.def)             Requested size: 34.14322pt x 34.1393pt.
File: ../assets/camisa/costas1.png Graphic file (type png)
<use ../assets/camisa/costas1.png>
Package luatex.def Info: ../assets/camisa/costas1.png  used on input line 1236.

(luatex.def)             Requested size: 34.14322pt x 34.1393pt.
File: ../assets/camisa/costas1.png Graphic file (type png)
<use ../assets/camisa/costas1.png>
Package luatex.def Info: ../assets/camisa/costas1.png  used on input line 1237.

(luatex.def)             Requested size: 34.14322pt x 34.1393pt.
File: ../assets/camisa/costas1.png Graphic file (type png)
<use ../assets/camisa/costas1.png>
Package luatex.def Info: ../assets/camisa/costas1.png  used on input line 1238.

(luatex.def)             Requested size: 34.14322pt x 34.1393pt.
File: ../assets/camisa/costas1.png Graphic file (type png)
<use ../assets/camisa/costas1.png>
Package luatex.def Info: ../assets/camisa/costas1.png  used on input line 1239.

(luatex.def)             Requested size: 34.14322pt x 34.1393pt.
File: ../assets/camisa/costas1.png Graphic file (type png)
<use ../assets/camisa/costas1.png>
Package luatex.def Info: ../assets/camisa/costas1.png  used on input line 1240.

(luatex.def)             Requested size: 34.14322pt x 34.1393pt.
File: ../assets/camisa/costas1.png Graphic file (type png)
<use ../assets/camisa/costas1.png>
Package luatex.def Info: ../assets/camisa/costas1.png  used on input line 1241.

(luatex.def)             Requested size: 34.14322pt x 34.1393pt.
File: ../assets/camisa/costas1.png Graphic file (type png)
<use ../assets/camisa/costas1.png>
Package luatex.def Info: ../assets/camisa/costas1.png  used on input line 1242.

(luatex.def)             Requested size: 34.14322pt x 34.1393pt.
File: ../assets/camisa/costas1.png Graphic file (type png)
<use ../assets/camisa/costas1.png>
Package luatex.def Info: ../assets/camisa/costas1.png  used on input line 1243.

(luatex.def)             Requested size: 34.14322pt x 34.1393pt.

Overfull \hbox (44.50333pt too wide) in paragraph at lines 1245--1246
[][]  
 []

File: ../assets/camisa/costas1.png Graphic file (type png)
<use ../assets/camisa/costas1.png>
Package luatex.def Info: ../assets/camisa/costas1.png  used on input line 1254.

(luatex.def)             Requested size: 22.76228pt x 22.75952pt.
File: ../assets/camisa/costas1.png Graphic file (type png)
<use ../assets/camisa/costas1.png>
Package luatex.def Info: ../assets/camisa/costas1.png  used on input line 1255.

(luatex.def)             Requested size: 22.76228pt x 22.75952pt.
File: ../assets/camisa/costas1.png Graphic file (type png)
<use ../assets/camisa/costas1.png>
Package luatex.def Info: ../assets/camisa/costas1.png  used on input line 1256.

(luatex.def)             Requested size: 22.76228pt x 22.75952pt.
File: ../assets/camisa/costas1.png Graphic file (type png)
<use ../assets/camisa/costas1.png>
Package luatex.def Info: ../assets/camisa/costas1.png  used on input line 1257.

(luatex.def)             Requested size: 22.76228pt x 22.75952pt.
File: ../assets/camisa/costas1.png Graphic file (type png)
<use ../assets/camisa/costas1.png>
Package luatex.def Info: ../assets/camisa/costas1.png  used on input line 1258.

(luatex.def)             Requested size: 22.76228pt x 22.75952pt.
File: ../assets/camisa/costas1.png Graphic file (type png)
<use ../assets/camisa/costas1.png>
Package luatex.def Info: ../assets/camisa/costas1.png  used on input line 1259.

(luatex.def)             Requested size: 22.76228pt x 22.75952pt.
File: ../assets/camisa/costas1.png Graphic file (type png)
<use ../assets/camisa/costas1.png>
Package luatex.def Info: ../assets/camisa/costas1.png  used on input line 1260.

(luatex.def)             Requested size: 22.76228pt x 22.75952pt.
File: ../assets/camisa/costas1.png Graphic file (type png)
<use ../assets/camisa/costas1.png>
Package luatex.def Info: ../assets/camisa/costas1.png  used on input line 1261.

(luatex.def)             Requested size: 22.76228pt x 22.75952pt.
File: ../assets/camisa/costas1.png Graphic file (type png)
<use ../assets/camisa/costas1.png>
Package luatex.def Info: ../assets/camisa/costas1.png  used on input line 1262.

(luatex.def)             Requested size: 22.76228pt x 22.75952pt.
File: ../assets/camisa/costas1.png Graphic file (type png)
<use ../assets/camisa/costas1.png>
Package luatex.def Info: ../assets/camisa/costas1.png  used on input line 1263.

(luatex.def)             Requested size: 22.76228pt x 22.75952pt.
File: ../assets/camisa/costas1.png Graphic file (type png)
<use ../assets/camisa/costas1.png>
Package luatex.def Info: ../assets/camisa/costas1.png  used on input line 1264.

(luatex.def)             Requested size: 22.76228pt x 22.75952pt.
File: ../assets/camisa/costas1.png Graphic file (type png)
<use ../assets/camisa/costas1.png>
Package luatex.def Info: ../assets/camisa/costas1.png  used on input line 1265.

(luatex.def)             Requested size: 22.76228pt x 22.75952pt.


[15<./svg-inkscape/atletico_mg_svg-tex.pdf>]
File: ../assets/pitch/pitch.png Graphic file (type png)
<use ../assets/pitch/pitch.png>
Package luatex.def Info: ../assets/pitch/pitch.png  used on input line 1308.
(luatex.def)             Requested size: 256.0748pt x 384.09811pt.
File: ../assets/camisa/costas1.png Graphic file (type png)
<use ../assets/camisa/costas1.png>
Package luatex.def Info: ../assets/camisa/costas1.png  used on input line 1310.

(luatex.def)             Requested size: 34.14322pt x 34.1393pt.
File: ../assets/camisa/costas1.png Graphic file (type png)
<use ../assets/camisa/costas1.png>
Package luatex.def Info: ../assets/camisa/costas1.png  used on input line 1311.

(luatex.def)             Requested size: 34.14322pt x 34.1393pt.
File: ../assets/camisa/costas1.png Graphic file (type png)
<use ../assets/camisa/costas1.png>
Package luatex.def Info: ../assets/camisa/costas1.png  used on input line 1312.

(luatex.def)             Requested size: 34.14322pt x 34.1393pt.
File: ../assets/camisa/costas1.png Graphic file (type png)
<use ../assets/camisa/costas1.png>
Package luatex.def Info: ../assets/camisa/costas1.png  used on input line 1313.

(luatex.def)             Requested size: 34.14322pt x 34.1393pt.
File: ../assets/camisa/costas1.png Graphic file (type png)
<use ../assets/camisa/costas1.png>
Package luatex.def Info: ../assets/camisa/costas1.png  used on input line 1314.

(luatex.def)             Requested size: 34.14322pt x 34.1393pt.
File: ../assets/camisa/costas1.png Graphic file (type png)
<use ../assets/camisa/costas1.png>
Package luatex.def Info: ../assets/camisa/costas1.png  used on input line 1315.

(luatex.def)             Requested size: 34.14322pt x 34.1393pt.
File: ../assets/camisa/costas1.png Graphic file (type png)
<use ../assets/camisa/costas1.png>
Package luatex.def Info: ../assets/camisa/costas1.png  used on input line 1316.

(luatex.def)             Requested size: 34.14322pt x 34.1393pt.
File: ../assets/camisa/costas1.png Graphic file (type png)
<use ../assets/camisa/costas1.png>
Package luatex.def Info: ../assets/camisa/costas1.png  used on input line 1317.

(luatex.def)             Requested size: 34.14322pt x 34.1393pt.
File: ../assets/camisa/costas1.png Graphic file (type png)
<use ../assets/camisa/costas1.png>
Package luatex.def Info: ../assets/camisa/costas1.png  used on input line 1318.

(luatex.def)             Requested size: 34.14322pt x 34.1393pt.
File: ../assets/camisa/costas1.png Graphic file (type png)
<use ../assets/camisa/costas1.png>
Package luatex.def Info: ../assets/camisa/costas1.png  used on input line 1319.

(luatex.def)             Requested size: 34.14322pt x 34.1393pt.
File: ../assets/camisa/costas1.png Graphic file (type png)
<use ../assets/camisa/costas1.png>
Package luatex.def Info: ../assets/camisa/costas1.png  used on input line 1320.

(luatex.def)             Requested size: 34.14322pt x 34.1393pt.

Overfull \hbox (44.50333pt too wide) in paragraph at lines 1322--1323
[][]  
 []

File: ../assets/camisa/costas1.png Graphic file (type png)
<use ../assets/camisa/costas1.png>
Package luatex.def Info: ../assets/camisa/costas1.png  used on input line 1331.

(luatex.def)             Requested size: 22.76228pt x 22.75952pt.
File: ../assets/camisa/costas1.png Graphic file (type png)
<use ../assets/camisa/costas1.png>
Package luatex.def Info: ../assets/camisa/costas1.png  used on input line 1332.

(luatex.def)             Requested size: 22.76228pt x 22.75952pt.
File: ../assets/camisa/costas1.png Graphic file (type png)
<use ../assets/camisa/costas1.png>
Package luatex.def Info: ../assets/camisa/costas1.png  used on input line 1333.

(luatex.def)             Requested size: 22.76228pt x 22.75952pt.
File: ../assets/camisa/costas1.png Graphic file (type png)
<use ../assets/camisa/costas1.png>
Package luatex.def Info: ../assets/camisa/costas1.png  used on input line 1334.

(luatex.def)             Requested size: 22.76228pt x 22.75952pt.
File: ../assets/camisa/costas1.png Graphic file (type png)
<use ../assets/camisa/costas1.png>
Package luatex.def Info: ../assets/camisa/costas1.png  used on input line 1335.

(luatex.def)             Requested size: 22.76228pt x 22.75952pt.
File: ../assets/camisa/costas1.png Graphic file (type png)
<use ../assets/camisa/costas1.png>
Package luatex.def Info: ../assets/camisa/costas1.png  used on input line 1336.

(luatex.def)             Requested size: 22.76228pt x 22.75952pt.
File: ../assets/camisa/costas1.png Graphic file (type png)
<use ../assets/camisa/costas1.png>
Package luatex.def Info: ../assets/camisa/costas1.png  used on input line 1337.

(luatex.def)             Requested size: 22.76228pt x 22.75952pt.
File: ../assets/camisa/costas1.png Graphic file (type png)
<use ../assets/camisa/costas1.png>
Package luatex.def Info: ../assets/camisa/costas1.png  used on input line 1338.

(luatex.def)             Requested size: 22.76228pt x 22.75952pt.
File: ../assets/camisa/costas1.png Graphic file (type png)
<use ../assets/camisa/costas1.png>
Package luatex.def Info: ../assets/camisa/costas1.png  used on input line 1339.

(luatex.def)             Requested size: 22.76228pt x 22.75952pt.
File: ../assets/camisa/costas1.png Graphic file (type png)
<use ../assets/camisa/costas1.png>
Package luatex.def Info: ../assets/camisa/costas1.png  used on input line 1340.

(luatex.def)             Requested size: 22.76228pt x 22.75952pt.
File: ../assets/camisa/costas1.png Graphic file (type png)
<use ../assets/camisa/costas1.png>
Package luatex.def Info: ../assets/camisa/costas1.png  used on input line 1341.

(luatex.def)             Requested size: 22.76228pt x 22.75952pt.
File: ../assets/camisa/costas1.png Graphic file (type png)
<use ../assets/camisa/costas1.png>
Package luatex.def Info: ../assets/camisa/costas1.png  used on input line 1342.

(luatex.def)             Requested size: 22.76228pt x 22.75952pt.


[16]
File: ../assets/pitch/pitch.png Graphic file (type png)
<use ../assets/pitch/pitch.png>
Package luatex.def Info: ../assets/pitch/pitch.png  used on input line 1376.
(luatex.def)             Requested size: 256.0748pt x 384.09811pt.
File: ../assets/camisa/costas1.png Graphic file (type png)
<use ../assets/camisa/costas1.png>
Package luatex.def Info: ../assets/camisa/costas1.png  used on input line 1378.

(luatex.def)             Requested size: 34.14322pt x 34.1393pt.
File: ../assets/camisa/costas1.png Graphic file (type png)
<use ../assets/camisa/costas1.png>
Package luatex.def Info: ../assets/camisa/costas1.png  used on input line 1379.

(luatex.def)             Requested size: 34.14322pt x 34.1393pt.
File: ../assets/camisa/costas1.png Graphic file (type png)
<use ../assets/camisa/costas1.png>
Package luatex.def Info: ../assets/camisa/costas1.png  used on input line 1380.

(luatex.def)             Requested size: 34.14322pt x 34.1393pt.
File: ../assets/camisa/costas1.png Graphic file (type png)
<use ../assets/camisa/costas1.png>
Package luatex.def Info: ../assets/camisa/costas1.png  used on input line 1381.

(luatex.def)             Requested size: 34.14322pt x 34.1393pt.
File: ../assets/camisa/costas1.png Graphic file (type png)
<use ../assets/camisa/costas1.png>
Package luatex.def Info: ../assets/camisa/costas1.png  used on input line 1382.

(luatex.def)             Requested size: 34.14322pt x 34.1393pt.
File: ../assets/camisa/costas1.png Graphic file (type png)
<use ../assets/camisa/costas1.png>
Package luatex.def Info: ../assets/camisa/costas1.png  used on input line 1383.

(luatex.def)             Requested size: 34.14322pt x 34.1393pt.
File: ../assets/camisa/costas1.png Graphic file (type png)
<use ../assets/camisa/costas1.png>
Package luatex.def Info: ../assets/camisa/costas1.png  used on input line 1384.

(luatex.def)             Requested size: 34.14322pt x 34.1393pt.
File: ../assets/camisa/costas1.png Graphic file (type png)
<use ../assets/camisa/costas1.png>
Package luatex.def Info: ../assets/camisa/costas1.png  used on input line 1385.

(luatex.def)             Requested size: 34.14322pt x 34.1393pt.
File: ../assets/camisa/costas1.png Graphic file (type png)
<use ../assets/camisa/costas1.png>
Package luatex.def Info: ../assets/camisa/costas1.png  used on input line 1386.

(luatex.def)             Requested size: 34.14322pt x 34.1393pt.
File: ../assets/camisa/costas1.png Graphic file (type png)
<use ../assets/camisa/costas1.png>
Package luatex.def Info: ../assets/camisa/costas1.png  used on input line 1387.

(luatex.def)             Requested size: 34.14322pt x 34.1393pt.
File: ../assets/camisa/costas1.png Graphic file (type png)
<use ../assets/camisa/costas1.png>
Package luatex.def Info: ../assets/camisa/costas1.png  used on input line 1388.

(luatex.def)             Requested size: 34.14322pt x 34.1393pt.

Overfull \hbox (44.50333pt too wide) in paragraph at lines 1390--1391
[][]  
 []

File: ../assets/camisa/costas1.png Graphic file (type png)
<use ../assets/camisa/costas1.png>
Package luatex.def Info: ../assets/camisa/costas1.png  used on input line 1399.

(luatex.def)             Requested size: 22.76228pt x 22.75952pt.
File: ../assets/camisa/costas1.png Graphic file (type png)
<use ../assets/camisa/costas1.png>
Package luatex.def Info: ../assets/camisa/costas1.png  used on input line 1400.

(luatex.def)             Requested size: 22.76228pt x 22.75952pt.
File: ../assets/camisa/costas1.png Graphic file (type png)
<use ../assets/camisa/costas1.png>
Package luatex.def Info: ../assets/camisa/costas1.png  used on input line 1401.

(luatex.def)             Requested size: 22.76228pt x 22.75952pt.
File: ../assets/camisa/costas1.png Graphic file (type png)
<use ../assets/camisa/costas1.png>
Package luatex.def Info: ../assets/camisa/costas1.png  used on input line 1402.

(luatex.def)             Requested size: 22.76228pt x 22.75952pt.
File: ../assets/camisa/costas1.png Graphic file (type png)
<use ../assets/camisa/costas1.png>
Package luatex.def Info: ../assets/camisa/costas1.png  used on input line 1403.

(luatex.def)             Requested size: 22.76228pt x 22.75952pt.
File: ../assets/camisa/costas1.png Graphic file (type png)
<use ../assets/camisa/costas1.png>
Package luatex.def Info: ../assets/camisa/costas1.png  used on input line 1404.

(luatex.def)             Requested size: 22.76228pt x 22.75952pt.
File: ../assets/camisa/costas1.png Graphic file (type png)
<use ../assets/camisa/costas1.png>
Package luatex.def Info: ../assets/camisa/costas1.png  used on input line 1405.

(luatex.def)             Requested size: 22.76228pt x 22.75952pt.
File: ../assets/camisa/costas1.png Graphic file (type png)
<use ../assets/camisa/costas1.png>
Package luatex.def Info: ../assets/camisa/costas1.png  used on input line 1406.

(luatex.def)             Requested size: 22.76228pt x 22.75952pt.
File: ../assets/camisa/costas1.png Graphic file (type png)
<use ../assets/camisa/costas1.png>
Package luatex.def Info: ../assets/camisa/costas1.png  used on input line 1407.

(luatex.def)             Requested size: 22.76228pt x 22.75952pt.
File: ../assets/camisa/costas1.png Graphic file (type png)
<use ../assets/camisa/costas1.png>
Package luatex.def Info: ../assets/camisa/costas1.png  used on input line 1408.

(luatex.def)             Requested size: 22.76228pt x 22.75952pt.
File: ../assets/camisa/costas1.png Graphic file (type png)
<use ../assets/camisa/costas1.png>
Package luatex.def Info: ../assets/camisa/costas1.png  used on input line 1409.

(luatex.def)             Requested size: 22.76228pt x 22.75952pt.
File: ../assets/camisa/costas1.png Graphic file (type png)
<use ../assets/camisa/costas1.png>
Package luatex.def Info: ../assets/camisa/costas1.png  used on input line 1410.

(luatex.def)             Requested size: 22.76228pt x 22.75952pt.


[17]
Package svg Info: Last page of `./svg-inkscape/gremio_svg-tex.pdf' is 1 on inpu
t line 1440.
 (./svg-inkscape/gremio_svg-tex.pdf_tex
File: ./svg-inkscape/gremio_svg-tex.pdf Graphic file (type pdf)
<use ./svg-inkscape/gremio_svg-tex.pdf, page 1>
Package luatex.def Info: ./svg-inkscape/gremio_svg-tex.pdf , page1 used on inpu
t line 56.
(luatex.def)             Requested size: 13.13995pt x 13.13866pt.
)
Package svg Info: Last page of `./svg-inkscape/bragantino_svg-tex.pdf' is 1 on 
input line 1440.

(./svg-inkscape/bragantino_svg-tex.pdf_tex
<./svg-inkscape/bragantino_svg-tex.pdf, id=108, page=1, 250.76518pt x 202.40784
pt>
File: ./svg-inkscape/bragantino_svg-tex.pdf Graphic file (type pdf)
<use ./svg-inkscape/bragantino_svg-tex.pdf, page 1>
Package luatex.def Info: ./svg-inkscape/bragantino_svg-tex.pdf , page1 used on 
input line 56.
(luatex.def)             Requested size: 16.27977pt x 13.13843pt.
)
File: ../assets/pitch/pitch.png Graphic file (type png)
<use ../assets/pitch/pitch.png>
Package luatex.def Info: ../assets/pitch/pitch.png  used on input line 1447.
(luatex.def)             Requested size: 256.0748pt x 384.09811pt.
File: ../assets/camisa/costas1.png Graphic file (type png)
<use ../assets/camisa/costas1.png>
Package luatex.def Info: ../assets/camisa/costas1.png  used on input line 1449.

(luatex.def)             Requested size: 34.14322pt x 34.1393pt.
File: ../assets/camisa/costas1.png Graphic file (type png)
<use ../assets/camisa/costas1.png>
Package luatex.def Info: ../assets/camisa/costas1.png  used on input line 1450.

(luatex.def)             Requested size: 34.14322pt x 34.1393pt.
File: ../assets/camisa/costas1.png Graphic file (type png)
<use ../assets/camisa/costas1.png>
Package luatex.def Info: ../assets/camisa/costas1.png  used on input line 1451.

(luatex.def)             Requested size: 34.14322pt x 34.1393pt.
File: ../assets/camisa/costas1.png Graphic file (type png)
<use ../assets/camisa/costas1.png>
Package luatex.def Info: ../assets/camisa/costas1.png  used on input line 1452.

(luatex.def)             Requested size: 34.14322pt x 34.1393pt.
File: ../assets/camisa/costas1.png Graphic file (type png)
<use ../assets/camisa/costas1.png>
Package luatex.def Info: ../assets/camisa/costas1.png  used on input line 1453.

(luatex.def)             Requested size: 34.14322pt x 34.1393pt.
File: ../assets/camisa/costas1.png Graphic file (type png)
<use ../assets/camisa/costas1.png>
Package luatex.def Info: ../assets/camisa/costas1.png  used on input line 1454.

(luatex.def)             Requested size: 34.14322pt x 34.1393pt.
File: ../assets/camisa/costas1.png Graphic file (type png)
<use ../assets/camisa/costas1.png>
Package luatex.def Info: ../assets/camisa/costas1.png  used on input line 1455.

(luatex.def)             Requested size: 34.14322pt x 34.1393pt.
File: ../assets/camisa/costas1.png Graphic file (type png)
<use ../assets/camisa/costas1.png>
Package luatex.def Info: ../assets/camisa/costas1.png  used on input line 1456.

(luatex.def)             Requested size: 34.14322pt x 34.1393pt.
File: ../assets/camisa/costas1.png Graphic file (type png)
<use ../assets/camisa/costas1.png>
Package luatex.def Info: ../assets/camisa/costas1.png  used on input line 1457.

(luatex.def)             Requested size: 34.14322pt x 34.1393pt.
File: ../assets/camisa/costas1.png Graphic file (type png)
<use ../assets/camisa/costas1.png>
Package luatex.def Info: ../assets/camisa/costas1.png  used on input line 1458.

(luatex.def)             Requested size: 34.14322pt x 34.1393pt.
File: ../assets/camisa/costas1.png Graphic file (type png)
<use ../assets/camisa/costas1.png>
Package luatex.def Info: ../assets/camisa/costas1.png  used on input line 1459.

(luatex.def)             Requested size: 34.14322pt x 34.1393pt.

Overfull \hbox (44.50333pt too wide) in paragraph at lines 1461--1462
[][]  
 []

File: ../assets/camisa/costas1.png Graphic file (type png)
<use ../assets/camisa/costas1.png>
Package luatex.def Info: ../assets/camisa/costas1.png  used on input line 1470.

(luatex.def)             Requested size: 22.76228pt x 22.75952pt.
File: ../assets/camisa/costas1.png Graphic file (type png)
<use ../assets/camisa/costas1.png>
Package luatex.def Info: ../assets/camisa/costas1.png  used on input line 1471.

(luatex.def)             Requested size: 22.76228pt x 22.75952pt.
File: ../assets/camisa/costas1.png Graphic file (type png)
<use ../assets/camisa/costas1.png>
Package luatex.def Info: ../assets/camisa/costas1.png  used on input line 1472.

(luatex.def)             Requested size: 22.76228pt x 22.75952pt.
File: ../assets/camisa/costas1.png Graphic file (type png)
<use ../assets/camisa/costas1.png>
Package luatex.def Info: ../assets/camisa/costas1.png  used on input line 1473.

(luatex.def)             Requested size: 22.76228pt x 22.75952pt.
File: ../assets/camisa/costas1.png Graphic file (type png)
<use ../assets/camisa/costas1.png>
Package luatex.def Info: ../assets/camisa/costas1.png  used on input line 1474.

(luatex.def)             Requested size: 22.76228pt x 22.75952pt.
File: ../assets/camisa/costas1.png Graphic file (type png)
<use ../assets/camisa/costas1.png>
Package luatex.def Info: ../assets/camisa/costas1.png  used on input line 1475.

(luatex.def)             Requested size: 22.76228pt x 22.75952pt.
File: ../assets/camisa/costas1.png Graphic file (type png)
<use ../assets/camisa/costas1.png>
Package luatex.def Info: ../assets/camisa/costas1.png  used on input line 1476.

(luatex.def)             Requested size: 22.76228pt x 22.75952pt.
File: ../assets/camisa/costas1.png Graphic file (type png)
<use ../assets/camisa/costas1.png>
Package luatex.def Info: ../assets/camisa/costas1.png  used on input line 1477.

(luatex.def)             Requested size: 22.76228pt x 22.75952pt.
File: ../assets/camisa/costas1.png Graphic file (type png)
<use ../assets/camisa/costas1.png>
Package luatex.def Info: ../assets/camisa/costas1.png  used on input line 1478.

(luatex.def)             Requested size: 22.76228pt x 22.75952pt.
File: ../assets/camisa/costas1.png Graphic file (type png)
<use ../assets/camisa/costas1.png>
Package luatex.def Info: ../assets/camisa/costas1.png  used on input line 1479.

(luatex.def)             Requested size: 22.76228pt x 22.75952pt.
File: ../assets/camisa/costas1.png Graphic file (type png)
<use ../assets/camisa/costas1.png>
Package luatex.def Info: ../assets/camisa/costas1.png  used on input line 1480.

(luatex.def)             Requested size: 22.76228pt x 22.75952pt.

Overfull \hbox (13.54901pt too wide) in paragraph at lines 1466--1482
[]  
 []



[18<./svg-inkscape/bragantino_svg-tex.pdf>]
Package svg Info: Last page of `./svg-inkscape/chapecoense_svg-tex.pdf' is 1 on
 input line 1519.

(./svg-inkscape/chapecoense_svg-tex.pdf_tex
<./svg-inkscape/chapecoense_svg-tex.pdf, id=116, page=1, 449.71219pt x 429.7954
3pt>
File: ./svg-inkscape/chapecoense_svg-tex.pdf Graphic file (type pdf)
<use ./svg-inkscape/chapecoense_svg-tex.pdf, page 1>
Package luatex.def Info: ./svg-inkscape/chapecoense_svg-tex.pdf , page1 used on
 input line 56.
(luatex.def)             Requested size: 13.74907pt x 13.13596pt.
)
Package svg Info: Last page of `./svg-inkscape/gremio_svg-tex.pdf' is 1 on inpu
t line 1519.

(./svg-inkscape/gremio_svg-tex.pdf_tex
File: ./svg-inkscape/gremio_svg-tex.pdf Graphic file (type pdf)
<use ./svg-inkscape/gremio_svg-tex.pdf, page 1>
Package luatex.def Info: ./svg-inkscape/gremio_svg-tex.pdf , page1 used on inpu
t line 56.
(luatex.def)             Requested size: 13.13995pt x 13.13866pt.
)
File: ../assets/pitch/pitch.png Graphic file (type png)
<use ../assets/pitch/pitch.png>
Package luatex.def Info: ../assets/pitch/pitch.png  used on input line 1526.
(luatex.def)             Requested size: 256.0748pt x 384.09811pt.
File: ../assets/camisa/costas1.png Graphic file (type png)
<use ../assets/camisa/costas1.png>
Package luatex.def Info: ../assets/camisa/costas1.png  used on input line 1528.

(luatex.def)             Requested size: 34.14322pt x 34.1393pt.
File: ../assets/camisa/costas1.png Graphic file (type png)
<use ../assets/camisa/costas1.png>
Package luatex.def Info: ../assets/camisa/costas1.png  used on input line 1529.

(luatex.def)             Requested size: 34.14322pt x 34.1393pt.
File: ../assets/camisa/costas1.png Graphic file (type png)
<use ../assets/camisa/costas1.png>
Package luatex.def Info: ../assets/camisa/costas1.png  used on input line 1530.

(luatex.def)             Requested size: 34.14322pt x 34.1393pt.
File: ../assets/camisa/costas1.png Graphic file (type png)
<use ../assets/camisa/costas1.png>
Package luatex.def Info: ../assets/camisa/costas1.png  used on input line 1531.

(luatex.def)             Requested size: 34.14322pt x 34.1393pt.
File: ../assets/camisa/costas1.png Graphic file (type png)
<use ../assets/camisa/costas1.png>
Package luatex.def Info: ../assets/camisa/costas1.png  used on input line 1532.

(luatex.def)             Requested size: 34.14322pt x 34.1393pt.
File: ../assets/camisa/costas1.png Graphic file (type png)
<use ../assets/camisa/costas1.png>
Package luatex.def Info: ../assets/camisa/costas1.png  used on input line 1533.

(luatex.def)             Requested size: 34.14322pt x 34.1393pt.
File: ../assets/camisa/costas1.png Graphic file (type png)
<use ../assets/camisa/costas1.png>
Package luatex.def Info: ../assets/camisa/costas1.png  used on input line 1534.

(luatex.def)             Requested size: 34.14322pt x 34.1393pt.
File: ../assets/camisa/costas1.png Graphic file (type png)
<use ../assets/camisa/costas1.png>
Package luatex.def Info: ../assets/camisa/costas1.png  used on input line 1535.

(luatex.def)             Requested size: 34.14322pt x 34.1393pt.
File: ../assets/camisa/costas1.png Graphic file (type png)
<use ../assets/camisa/costas1.png>
Package luatex.def Info: ../assets/camisa/costas1.png  used on input line 1536.

(luatex.def)             Requested size: 34.14322pt x 34.1393pt.
File: ../assets/camisa/costas1.png Graphic file (type png)
<use ../assets/camisa/costas1.png>
Package luatex.def Info: ../assets/camisa/costas1.png  used on input line 1537.

(luatex.def)             Requested size: 34.14322pt x 34.1393pt.
File: ../assets/camisa/costas1.png Graphic file (type png)
<use ../assets/camisa/costas1.png>
Package luatex.def Info: ../assets/camisa/costas1.png  used on input line 1538.

(luatex.def)             Requested size: 34.14322pt x 34.1393pt.

Overfull \hbox (44.50333pt too wide) in paragraph at lines 1540--1541
[][]  
 []

File: ../assets/camisa/costas1.png Graphic file (type png)
<use ../assets/camisa/costas1.png>
Package luatex.def Info: ../assets/camisa/costas1.png  used on input line 1549.

(luatex.def)             Requested size: 22.76228pt x 22.75952pt.
File: ../assets/camisa/costas1.png Graphic file (type png)
<use ../assets/camisa/costas1.png>
Package luatex.def Info: ../assets/camisa/costas1.png  used on input line 1550.

(luatex.def)             Requested size: 22.76228pt x 22.75952pt.
File: ../assets/camisa/costas1.png Graphic file (type png)
<use ../assets/camisa/costas1.png>
Package luatex.def Info: ../assets/camisa/costas1.png  used on input line 1551.

(luatex.def)             Requested size: 22.76228pt x 22.75952pt.
File: ../assets/camisa/costas1.png Graphic file (type png)
<use ../assets/camisa/costas1.png>
Package luatex.def Info: ../assets/camisa/costas1.png  used on input line 1552.

(luatex.def)             Requested size: 22.76228pt x 22.75952pt.
File: ../assets/camisa/costas1.png Graphic file (type png)
<use ../assets/camisa/costas1.png>
Package luatex.def Info: ../assets/camisa/costas1.png  used on input line 1553.

(luatex.def)             Requested size: 22.76228pt x 22.75952pt.
File: ../assets/camisa/costas1.png Graphic file (type png)
<use ../assets/camisa/costas1.png>
Package luatex.def Info: ../assets/camisa/costas1.png  used on input line 1554.

(luatex.def)             Requested size: 22.76228pt x 22.75952pt.
File: ../assets/camisa/costas1.png Graphic file (type png)
<use ../assets/camisa/costas1.png>
Package luatex.def Info: ../assets/camisa/costas1.png  used on input line 1555.

(luatex.def)             Requested size: 22.76228pt x 22.75952pt.
File: ../assets/camisa/costas1.png Graphic file (type png)
<use ../assets/camisa/costas1.png>
Package luatex.def Info: ../assets/camisa/costas1.png  used on input line 1556.

(luatex.def)             Requested size: 22.76228pt x 22.75952pt.
File: ../assets/camisa/costas1.png Graphic file (type png)
<use ../assets/camisa/costas1.png>
Package luatex.def Info: ../assets/camisa/costas1.png  used on input line 1557.

(luatex.def)             Requested size: 22.76228pt x 22.75952pt.
File: ../assets/camisa/costas1.png Graphic file (type png)
<use ../assets/camisa/costas1.png>
Package luatex.def Info: ../assets/camisa/costas1.png  used on input line 1558.

(luatex.def)             Requested size: 22.76228pt x 22.75952pt.
File: ../assets/camisa/costas1.png Graphic file (type png)
<use ../assets/camisa/costas1.png>
Package luatex.def Info: ../assets/camisa/costas1.png  used on input line 1559.

(luatex.def)             Requested size: 22.76228pt x 22.75952pt.
File: ../assets/camisa/costas1.png Graphic file (type png)
<use ../assets/camisa/costas1.png>
Package luatex.def Info: ../assets/camisa/costas1.png  used on input line 1560.

(luatex.def)             Requested size: 22.76228pt x 22.75952pt.


[19<./svg-inkscape/chapecoense_svg-tex.pdf>]
Package svg Info: Last page of `./svg-inkscape/gremio_svg-tex.pdf' is 1 on inpu
t line 1599.

(./svg-inkscape/gremio_svg-tex.pdf_tex
File: ./svg-inkscape/gremio_svg-tex.pdf Graphic file (type pdf)
<use ./svg-inkscape/gremio_svg-tex.pdf, page 1>
Package luatex.def Info: ./svg-inkscape/gremio_svg-tex.pdf , page1 used on inpu
t line 56.
(luatex.def)             Requested size: 13.13995pt x 13.13866pt.
)
Package svg Info: Last page of `./svg-inkscape/vitoria_svg-tex.pdf' is 1 on inp
ut line 1599.
 (./svg-inkscape/vitoria_svg-tex.pdf_tex
<./svg-inkscape/vitoria_svg-tex.pdf, id=126, page=1, 324.61276pt x 372.19049pt>

File: ./svg-inkscape/vitoria_svg-tex.pdf Graphic file (type pdf)
<use ./svg-inkscape/vitoria_svg-tex.pdf, page 1>
Package luatex.def Info: ./svg-inkscape/vitoria_svg-tex.pdf , page1 used on inp
ut line 56.
(luatex.def)             Requested size: 11.46097pt x 13.1359pt.
)
File: ../assets/pitch/pitch.png Graphic file (type png)
<use ../assets/pitch/pitch.png>
Package luatex.def Info: ../assets/pitch/pitch.png  used on input line 1606.
(luatex.def)             Requested size: 256.0748pt x 384.09811pt.
File: ../assets/camisa/costas1.png Graphic file (type png)
<use ../assets/camisa/costas1.png>
Package luatex.def Info: ../assets/camisa/costas1.png  used on input line 1608.

(luatex.def)             Requested size: 34.14322pt x 34.1393pt.
File: ../assets/camisa/costas1.png Graphic file (type png)
<use ../assets/camisa/costas1.png>
Package luatex.def Info: ../assets/camisa/costas1.png  used on input line 1609.

(luatex.def)             Requested size: 34.14322pt x 34.1393pt.
File: ../assets/camisa/costas1.png Graphic file (type png)
<use ../assets/camisa/costas1.png>
Package luatex.def Info: ../assets/camisa/costas1.png  used on input line 1610.

(luatex.def)             Requested size: 34.14322pt x 34.1393pt.
File: ../assets/camisa/costas1.png Graphic file (type png)
<use ../assets/camisa/costas1.png>
Package luatex.def Info: ../assets/camisa/costas1.png  used on input line 1611.

(luatex.def)             Requested size: 34.14322pt x 34.1393pt.
File: ../assets/camisa/costas1.png Graphic file (type png)
<use ../assets/camisa/costas1.png>
Package luatex.def Info: ../assets/camisa/costas1.png  used on input line 1612.

(luatex.def)             Requested size: 34.14322pt x 34.1393pt.
File: ../assets/camisa/costas1.png Graphic file (type png)
<use ../assets/camisa/costas1.png>
Package luatex.def Info: ../assets/camisa/costas1.png  used on input line 1613.

(luatex.def)             Requested size: 34.14322pt x 34.1393pt.
File: ../assets/camisa/costas1.png Graphic file (type png)
<use ../assets/camisa/costas1.png>
Package luatex.def Info: ../assets/camisa/costas1.png  used on input line 1614.

(luatex.def)             Requested size: 34.14322pt x 34.1393pt.
File: ../assets/camisa/costas1.png Graphic file (type png)
<use ../assets/camisa/costas1.png>
Package luatex.def Info: ../assets/camisa/costas1.png  used on input line 1615.

(luatex.def)             Requested size: 34.14322pt x 34.1393pt.
File: ../assets/camisa/costas1.png Graphic file (type png)
<use ../assets/camisa/costas1.png>
Package luatex.def Info: ../assets/camisa/costas1.png  used on input line 1616.

(luatex.def)             Requested size: 34.14322pt x 34.1393pt.
File: ../assets/camisa/costas1.png Graphic file (type png)
<use ../assets/camisa/costas1.png>
Package luatex.def Info: ../assets/camisa/costas1.png  used on input line 1617.

(luatex.def)             Requested size: 34.14322pt x 34.1393pt.
File: ../assets/camisa/costas1.png Graphic file (type png)
<use ../assets/camisa/costas1.png>
Package luatex.def Info: ../assets/camisa/costas1.png  used on input line 1618.

(luatex.def)             Requested size: 34.14322pt x 34.1393pt.

Overfull \hbox (44.50333pt too wide) in paragraph at lines 1620--1621
[][]  
 []

File: ../assets/camisa/costas1.png Graphic file (type png)
<use ../assets/camisa/costas1.png>
Package luatex.def Info: ../assets/camisa/costas1.png  used on input line 1629.

(luatex.def)             Requested size: 22.76228pt x 22.75952pt.
File: ../assets/camisa/costas1.png Graphic file (type png)
<use ../assets/camisa/costas1.png>
Package luatex.def Info: ../assets/camisa/costas1.png  used on input line 1630.

(luatex.def)             Requested size: 22.76228pt x 22.75952pt.
File: ../assets/camisa/costas1.png Graphic file (type png)
<use ../assets/camisa/costas1.png>
Package luatex.def Info: ../assets/camisa/costas1.png  used on input line 1631.

(luatex.def)             Requested size: 22.76228pt x 22.75952pt.
File: ../assets/camisa/costas1.png Graphic file (type png)
<use ../assets/camisa/costas1.png>
Package luatex.def Info: ../assets/camisa/costas1.png  used on input line 1632.

(luatex.def)             Requested size: 22.76228pt x 22.75952pt.
File: ../assets/camisa/costas1.png Graphic file (type png)
<use ../assets/camisa/costas1.png>
Package luatex.def Info: ../assets/camisa/costas1.png  used on input line 1633.

(luatex.def)             Requested size: 22.76228pt x 22.75952pt.
File: ../assets/camisa/costas1.png Graphic file (type png)
<use ../assets/camisa/costas1.png>
Package luatex.def Info: ../assets/camisa/costas1.png  used on input line 1634.

(luatex.def)             Requested size: 22.76228pt x 22.75952pt.
File: ../assets/camisa/costas1.png Graphic file (type png)
<use ../assets/camisa/costas1.png>
Package luatex.def Info: ../assets/camisa/costas1.png  used on input line 1635.

(luatex.def)             Requested size: 22.76228pt x 22.75952pt.
File: ../assets/camisa/costas1.png Graphic file (type png)
<use ../assets/camisa/costas1.png>
Package luatex.def Info: ../assets/camisa/costas1.png  used on input line 1636.

(luatex.def)             Requested size: 22.76228pt x 22.75952pt.
File: ../assets/camisa/costas1.png Graphic file (type png)
<use ../assets/camisa/costas1.png>
Package luatex.def Info: ../assets/camisa/costas1.png  used on input line 1637.

(luatex.def)             Requested size: 22.76228pt x 22.75952pt.
File: ../assets/camisa/costas1.png Graphic file (type png)
<use ../assets/camisa/costas1.png>
Package luatex.def Info: ../assets/camisa/costas1.png  used on input line 1638.

(luatex.def)             Requested size: 22.76228pt x 22.75952pt.
File: ../assets/camisa/costas1.png Graphic file (type png)
<use ../assets/camisa/costas1.png>
Package luatex.def Info: ../assets/camisa/costas1.png  used on input line 1639.

(luatex.def)             Requested size: 22.76228pt x 22.75952pt.
File: ../assets/camisa/costas1.png Graphic file (type png)
<use ../assets/camisa/costas1.png>
Package luatex.def Info: ../assets/camisa/costas1.png  used on input line 1640.

(luatex.def)             Requested size: 22.76228pt x 22.75952pt.


[20<./svg-inkscape/vitoria_svg-tex.pdf>]
Package svg Info: Last page of `./svg-inkscape/vasco_svg-tex.pdf' is 1 on input
 line 1679.
 (./svg-inkscape/vasco_svg-tex.pdf_tex
<./svg-inkscape/vasco_svg-tex.pdf, id=134, page=1, 176.40709pt x 222.90779pt>
File: ./svg-inkscape/vasco_svg-tex.pdf Graphic file (type pdf)
<use ./svg-inkscape/vasco_svg-tex.pdf, page 1>
Package luatex.def Info: ./svg-inkscape/vasco_svg-tex.pdf , page1 used on input
 line 56.
(luatex.def)             Requested size: 10.39911pt x 13.13919pt.
)
Package svg Info: Last page of `./svg-inkscape/gremio_svg-tex.pdf' is 1 on inpu
t line 1679.
(./svg-inkscape/gremio_svg-tex.pdf_tex
File: ./svg-inkscape/gremio_svg-tex.pdf Graphic file (type pdf)
<use ./svg-inkscape/gremio_svg-tex.pdf, page 1>
Package luatex.def Info: ./svg-inkscape/gremio_svg-tex.pdf , page1 used on inpu
t line 56.
(luatex.def)             Requested size: 13.13995pt x 13.13866pt.
)
File: ../assets/pitch/pitch.png Graphic file (type png)
<use ../assets/pitch/pitch.png>
Package luatex.def Info: ../assets/pitch/pitch.png  used on input line 1686.
(luatex.def)             Requested size: 256.0748pt x 384.09811pt.
File: ../assets/camisa/costas1.png Graphic file (type png)
<use ../assets/camisa/costas1.png>
Package luatex.def Info: ../assets/camisa/costas1.png  used on input line 1688.

(luatex.def)             Requested size: 34.14322pt x 34.1393pt.
File: ../assets/camisa/costas1.png Graphic file (type png)
<use ../assets/camisa/costas1.png>
Package luatex.def Info: ../assets/camisa/costas1.png  used on input line 1689.

(luatex.def)             Requested size: 34.14322pt x 34.1393pt.
File: ../assets/camisa/costas1.png Graphic file (type png)
<use ../assets/camisa/costas1.png>
Package luatex.def Info: ../assets/camisa/costas1.png  used on input line 1690.

(luatex.def)             Requested size: 34.14322pt x 34.1393pt.
File: ../assets/camisa/costas1.png Graphic file (type png)
<use ../assets/camisa/costas1.png>
Package luatex.def Info: ../assets/camisa/costas1.png  used on input line 1691.

(luatex.def)             Requested size: 34.14322pt x 34.1393pt.
File: ../assets/camisa/costas1.png Graphic file (type png)
<use ../assets/camisa/costas1.png>
Package luatex.def Info: ../assets/camisa/costas1.png  used on input line 1692.

(luatex.def)             Requested size: 34.14322pt x 34.1393pt.
File: ../assets/camisa/costas1.png Graphic file (type png)
<use ../assets/camisa/costas1.png>
Package luatex.def Info: ../assets/camisa/costas1.png  used on input line 1693.

(luatex.def)             Requested size: 34.14322pt x 34.1393pt.
File: ../assets/camisa/costas1.png Graphic file (type png)
<use ../assets/camisa/costas1.png>
Package luatex.def Info: ../assets/camisa/costas1.png  used on input line 1694.

(luatex.def)             Requested size: 34.14322pt x 34.1393pt.
File: ../assets/camisa/costas1.png Graphic file (type png)
<use ../assets/camisa/costas1.png>
Package luatex.def Info: ../assets/camisa/costas1.png  used on input line 1695.

(luatex.def)             Requested size: 34.14322pt x 34.1393pt.
File: ../assets/camisa/costas1.png Graphic file (type png)
<use ../assets/camisa/costas1.png>
Package luatex.def Info: ../assets/camisa/costas1.png  used on input line 1696.

(luatex.def)             Requested size: 34.14322pt x 34.1393pt.
File: ../assets/camisa/costas1.png Graphic file (type png)
<use ../assets/camisa/costas1.png>
Package luatex.def Info: ../assets/camisa/costas1.png  used on input line 1697.

(luatex.def)             Requested size: 34.14322pt x 34.1393pt.
File: ../assets/camisa/costas1.png Graphic file (type png)
<use ../assets/camisa/costas1.png>
Package luatex.def Info: ../assets/camisa/costas1.png  used on input line 1698.

(luatex.def)             Requested size: 34.14322pt x 34.1393pt.

Overfull \hbox (44.50333pt too wide) in paragraph at lines 1700--1701
[][]  
 []

File: ../assets/camisa/costas1.png Graphic file (type png)
<use ../assets/camisa/costas1.png>
Package luatex.def Info: ../assets/camisa/costas1.png  used on input line 1709.

(luatex.def)             Requested size: 22.76228pt x 22.75952pt.
File: ../assets/camisa/costas1.png Graphic file (type png)
<use ../assets/camisa/costas1.png>
Package luatex.def Info: ../assets/camisa/costas1.png  used on input line 1710.

(luatex.def)             Requested size: 22.76228pt x 22.75952pt.
File: ../assets/camisa/costas1.png Graphic file (type png)
<use ../assets/camisa/costas1.png>
Package luatex.def Info: ../assets/camisa/costas1.png  used on input line 1711.

(luatex.def)             Requested size: 22.76228pt x 22.75952pt.
File: ../assets/camisa/costas1.png Graphic file (type png)
<use ../assets/camisa/costas1.png>
Package luatex.def Info: ../assets/camisa/costas1.png  used on input line 1712.

(luatex.def)             Requested size: 22.76228pt x 22.75952pt.
File: ../assets/camisa/costas1.png Graphic file (type png)
<use ../assets/camisa/costas1.png>
Package luatex.def Info: ../assets/camisa/costas1.png  used on input line 1713.

(luatex.def)             Requested size: 22.76228pt x 22.75952pt.
File: ../assets/camisa/costas1.png Graphic file (type png)
<use ../assets/camisa/costas1.png>
Package luatex.def Info: ../assets/camisa/costas1.png  used on input line 1714.

(luatex.def)             Requested size: 22.76228pt x 22.75952pt.
File: ../assets/camisa/costas1.png Graphic file (type png)
<use ../assets/camisa/costas1.png>
Package luatex.def Info: ../assets/camisa/costas1.png  used on input line 1715.

(luatex.def)             Requested size: 22.76228pt x 22.75952pt.
File: ../assets/camisa/costas1.png Graphic file (type png)
<use ../assets/camisa/costas1.png>
Package luatex.def Info: ../assets/camisa/costas1.png  used on input line 1716.

(luatex.def)             Requested size: 22.76228pt x 22.75952pt.
File: ../assets/camisa/costas1.png Graphic file (type png)
<use ../assets/camisa/costas1.png>
Package luatex.def Info: ../assets/camisa/costas1.png  used on input line 1717.

(luatex.def)             Requested size: 22.76228pt x 22.75952pt.
File: ../assets/camisa/costas1.png Graphic file (type png)
<use ../assets/camisa/costas1.png>
Package luatex.def Info: ../assets/camisa/costas1.png  used on input line 1718.

(luatex.def)             Requested size: 22.76228pt x 22.75952pt.
File: ../assets/camisa/costas1.png Graphic file (type png)
<use ../assets/camisa/costas1.png>
Package luatex.def Info: ../assets/camisa/costas1.png  used on input line 1719.

(luatex.def)             Requested size: 22.76228pt x 22.75952pt.
File: ../assets/camisa/costas1.png Graphic file (type png)
<use ../assets/camisa/costas1.png>
Package luatex.def Info: ../assets/camisa/costas1.png  used on input line 1720.

(luatex.def)             Requested size: 22.76228pt x 22.75952pt.


[21<./svg-inkscape/vasco_svg-tex.pdf>]
Package svg Info: Last page of `./svg-inkscape/palmeiras_svg-tex.pdf' is 1 on i
nput line 1759.

(./svg-inkscape/palmeiras_svg-tex.pdf_tex
<./svg-inkscape/palmeiras_svg-tex.pdf, id=144, page=1, 433.10056pt x 433.10056p
t>
File: ./svg-inkscape/palmeiras_svg-tex.pdf Graphic file (type pdf)
<use ./svg-inkscape/palmeiras_svg-tex.pdf, page 1>
Package luatex.def Info: ./svg-inkscape/palmeiras_svg-tex.pdf , page1 used on i
nput line 56.
(luatex.def)             Requested size: 13.13995pt x 13.13783pt.
)
Package svg Info: Last page of `./svg-inkscape/gremio_svg-tex.pdf' is 1 on inpu
t line 1759.

(./svg-inkscape/gremio_svg-tex.pdf_tex
File: ./svg-inkscape/gremio_svg-tex.pdf Graphic file (type pdf)
<use ./svg-inkscape/gremio_svg-tex.pdf, page 1>
Package luatex.def Info: ./svg-inkscape/gremio_svg-tex.pdf , page1 used on inpu
t line 56.
(luatex.def)             Requested size: 13.13995pt x 13.13866pt.
)
File: ../assets/pitch/pitch.png Graphic file (type png)
<use ../assets/pitch/pitch.png>
Package luatex.def Info: ../assets/pitch/pitch.png  used on input line 1766.
(luatex.def)             Requested size: 256.0748pt x 384.09811pt.
File: ../assets/camisa/costas1.png Graphic file (type png)
<use ../assets/camisa/costas1.png>
Package luatex.def Info: ../assets/camisa/costas1.png  used on input line 1768.

(luatex.def)             Requested size: 34.14322pt x 34.1393pt.
File: ../assets/camisa/costas1.png Graphic file (type png)
<use ../assets/camisa/costas1.png>
Package luatex.def Info: ../assets/camisa/costas1.png  used on input line 1769.

(luatex.def)             Requested size: 34.14322pt x 34.1393pt.
File: ../assets/camisa/costas1.png Graphic file (type png)
<use ../assets/camisa/costas1.png>
Package luatex.def Info: ../assets/camisa/costas1.png  used on input line 1770.

(luatex.def)             Requested size: 34.14322pt x 34.1393pt.
File: ../assets/camisa/costas1.png Graphic file (type png)
<use ../assets/camisa/costas1.png>
Package luatex.def Info: ../assets/camisa/costas1.png  used on input line 1771.

(luatex.def)             Requested size: 34.14322pt x 34.1393pt.
File: ../assets/camisa/costas1.png Graphic file (type png)
<use ../assets/camisa/costas1.png>
Package luatex.def Info: ../assets/camisa/costas1.png  used on input line 1772.

(luatex.def)             Requested size: 34.14322pt x 34.1393pt.
File: ../assets/camisa/costas1.png Graphic file (type png)
<use ../assets/camisa/costas1.png>
Package luatex.def Info: ../assets/camisa/costas1.png  used on input line 1773.

(luatex.def)             Requested size: 34.14322pt x 34.1393pt.
File: ../assets/camisa/costas1.png Graphic file (type png)
<use ../assets/camisa/costas1.png>
Package luatex.def Info: ../assets/camisa/costas1.png  used on input line 1774.

(luatex.def)             Requested size: 34.14322pt x 34.1393pt.
File: ../assets/camisa/costas1.png Graphic file (type png)
<use ../assets/camisa/costas1.png>
Package luatex.def Info: ../assets/camisa/costas1.png  used on input line 1775.

(luatex.def)             Requested size: 34.14322pt x 34.1393pt.
File: ../assets/camisa/costas1.png Graphic file (type png)
<use ../assets/camisa/costas1.png>
Package luatex.def Info: ../assets/camisa/costas1.png  used on input line 1776.

(luatex.def)             Requested size: 34.14322pt x 34.1393pt.
File: ../assets/camisa/costas1.png Graphic file (type png)
<use ../assets/camisa/costas1.png>
Package luatex.def Info: ../assets/camisa/costas1.png  used on input line 1777.

(luatex.def)             Requested size: 34.14322pt x 34.1393pt.

Overfull \hbox (44.50333pt too wide) in paragraph at lines 1779--1780
[][]  
 []

File: ../assets/camisa/costas1.png Graphic file (type png)
<use ../assets/camisa/costas1.png>
Package luatex.def Info: ../assets/camisa/costas1.png  used on input line 1788.

(luatex.def)             Requested size: 22.76228pt x 22.75952pt.
File: ../assets/camisa/costas1.png Graphic file (type png)
<use ../assets/camisa/costas1.png>
Package luatex.def Info: ../assets/camisa/costas1.png  used on input line 1789.

(luatex.def)             Requested size: 22.76228pt x 22.75952pt.
File: ../assets/camisa/costas1.png Graphic file (type png)
<use ../assets/camisa/costas1.png>
Package luatex.def Info: ../assets/camisa/costas1.png  used on input line 1790.

(luatex.def)             Requested size: 22.76228pt x 22.75952pt.
File: ../assets/camisa/costas1.png Graphic file (type png)
<use ../assets/camisa/costas1.png>
Package luatex.def Info: ../assets/camisa/costas1.png  used on input line 1791.

(luatex.def)             Requested size: 22.76228pt x 22.75952pt.
File: ../assets/camisa/costas1.png Graphic file (type png)
<use ../assets/camisa/costas1.png>
Package luatex.def Info: ../assets/camisa/costas1.png  used on input line 1792.

(luatex.def)             Requested size: 22.76228pt x 22.75952pt.
File: ../assets/camisa/costas1.png Graphic file (type png)
<use ../assets/camisa/costas1.png>
Package luatex.def Info: ../assets/camisa/costas1.png  used on input line 1793.

(luatex.def)             Requested size: 22.76228pt x 22.75952pt.
File: ../assets/camisa/costas1.png Graphic file (type png)
<use ../assets/camisa/costas1.png>
Package luatex.def Info: ../assets/camisa/costas1.png  used on input line 1794.

(luatex.def)             Requested size: 22.76228pt x 22.75952pt.
File: ../assets/camisa/costas1.png Graphic file (type png)
<use ../assets/camisa/costas1.png>
Package luatex.def Info: ../assets/camisa/costas1.png  used on input line 1795.

(luatex.def)             Requested size: 22.76228pt x 22.75952pt.
File: ../assets/camisa/costas1.png Graphic file (type png)
<use ../assets/camisa/costas1.png>
Package luatex.def Info: ../assets/camisa/costas1.png  used on input line 1796.

(luatex.def)             Requested size: 22.76228pt x 22.75952pt.
File: ../assets/camisa/costas1.png Graphic file (type png)
<use ../assets/camisa/costas1.png>
Package luatex.def Info: ../assets/camisa/costas1.png  used on input line 1797.

(luatex.def)             Requested size: 22.76228pt x 22.75952pt.
File: ../assets/camisa/costas1.png Graphic file (type png)
<use ../assets/camisa/costas1.png>
Package luatex.def Info: ../assets/camisa/costas1.png  used on input line 1798.

(luatex.def)             Requested size: 22.76228pt x 22.75952pt.
File: ../assets/camisa/costas1.png Graphic file (type png)
<use ../assets/camisa/costas1.png>
Package luatex.def Info: ../assets/camisa/costas1.png  used on input line 1799.

(luatex.def)             Requested size: 22.76228pt x 22.75952pt.


[22<./svg-inkscape/palmeiras_svg-tex.pdf>]
Package svg Info: Last page of `./svg-inkscape/gremio_svg-tex.pdf' is 1 on inpu
t line 1838.

(./svg-inkscape/gremio_svg-tex.pdf_tex
File: ./svg-inkscape/gremio_svg-tex.pdf Graphic file (type pdf)
<use ./svg-inkscape/gremio_svg-tex.pdf, page 1>
Package luatex.def Info: ./svg-inkscape/gremio_svg-tex.pdf , page1 used on inpu
t line 56.
(luatex.def)             Requested size: 13.13995pt x 13.13866pt.
)
Package svg Info: Last page of `./svg-inkscape/remo_svg-tex.pdf' is 1 on input 
line 1838.
 (./svg-inkscape/remo_svg-tex.pdf_tex
<./svg-inkscape/remo_svg-tex.pdf, id=154, page=1, 399.45695pt x 451.76616pt>
File: ./svg-inkscape/remo_svg-tex.pdf Graphic file (type pdf)
<use ./svg-inkscape/remo_svg-tex.pdf, page 1>
Package luatex.def Info: ./svg-inkscape/remo_svg-tex.pdf , page1 used on input 
line 56.
(luatex.def)             Requested size: 11.61935pt x 13.1388pt.
)
File: ../assets/pitch/pitch.png Graphic file (type png)
<use ../assets/pitch/pitch.png>
Package luatex.def Info: ../assets/pitch/pitch.png  used on input line 1845.
(luatex.def)             Requested size: 256.0748pt x 384.09811pt.
File: ../assets/camisa/costas1.png Graphic file (type png)
<use ../assets/camisa/costas1.png>
Package luatex.def Info: ../assets/camisa/costas1.png  used on input line 1847.

(luatex.def)             Requested size: 34.14322pt x 34.1393pt.
File: ../assets/camisa/costas1.png Graphic file (type png)
<use ../assets/camisa/costas1.png>
Package luatex.def Info: ../assets/camisa/costas1.png  used on input line 1848.

(luatex.def)             Requested size: 34.14322pt x 34.1393pt.
File: ../assets/camisa/costas1.png Graphic file (type png)
<use ../assets/camisa/costas1.png>
Package luatex.def Info: ../assets/camisa/costas1.png  used on input line 1849.

(luatex.def)             Requested size: 34.14322pt x 34.1393pt.
File: ../assets/camisa/costas1.png Graphic file (type png)
<use ../assets/camisa/costas1.png>
Package luatex.def Info: ../assets/camisa/costas1.png  used on input line 1850.

(luatex.def)             Requested size: 34.14322pt x 34.1393pt.
File: ../assets/camisa/costas1.png Graphic file (type png)
<use ../assets/camisa/costas1.png>
Package luatex.def Info: ../assets/camisa/costas1.png  used on input line 1851.

(luatex.def)             Requested size: 34.14322pt x 34.1393pt.
File: ../assets/camisa/costas1.png Graphic file (type png)
<use ../assets/camisa/costas1.png>
Package luatex.def Info: ../assets/camisa/costas1.png  used on input line 1852.

(luatex.def)             Requested size: 34.14322pt x 34.1393pt.
File: ../assets/camisa/costas1.png Graphic file (type png)
<use ../assets/camisa/costas1.png>
Package luatex.def Info: ../assets/camisa/costas1.png  used on input line 1853.

(luatex.def)             Requested size: 34.14322pt x 34.1393pt.
File: ../assets/camisa/costas1.png Graphic file (type png)
<use ../assets/camisa/costas1.png>
Package luatex.def Info: ../assets/camisa/costas1.png  used on input line 1854.

(luatex.def)             Requested size: 34.14322pt x 34.1393pt.
File: ../assets/camisa/costas1.png Graphic file (type png)
<use ../assets/camisa/costas1.png>
Package luatex.def Info: ../assets/camisa/costas1.png  used on input line 1855.

(luatex.def)             Requested size: 34.14322pt x 34.1393pt.
File: ../assets/camisa/costas1.png Graphic file (type png)
<use ../assets/camisa/costas1.png>
Package luatex.def Info: ../assets/camisa/costas1.png  used on input line 1856.

(luatex.def)             Requested size: 34.14322pt x 34.1393pt.
File: ../assets/camisa/costas1.png Graphic file (type png)
<use ../assets/camisa/costas1.png>
Package luatex.def Info: ../assets/camisa/costas1.png  used on input line 1857.

(luatex.def)             Requested size: 34.14322pt x 34.1393pt.

Overfull \hbox (44.50333pt too wide) in paragraph at lines 1859--1860
[][]  
 []

File: ../assets/camisa/costas1.png Graphic file (type png)
<use ../assets/camisa/costas1.png>
Package luatex.def Info: ../assets/camisa/costas1.png  used on input line 1868.

(luatex.def)             Requested size: 22.76228pt x 22.75952pt.
File: ../assets/camisa/costas1.png Graphic file (type png)
<use ../assets/camisa/costas1.png>
Package luatex.def Info: ../assets/camisa/costas1.png  used on input line 1869.

(luatex.def)             Requested size: 22.76228pt x 22.75952pt.
File: ../assets/camisa/costas1.png Graphic file (type png)
<use ../assets/camisa/costas1.png>
Package luatex.def Info: ../assets/camisa/costas1.png  used on input line 1870.

(luatex.def)             Requested size: 22.76228pt x 22.75952pt.
File: ../assets/camisa/costas1.png Graphic file (type png)
<use ../assets/camisa/costas1.png>
Package luatex.def Info: ../assets/camisa/costas1.png  used on input line 1871.

(luatex.def)             Requested size: 22.76228pt x 22.75952pt.
File: ../assets/camisa/costas1.png Graphic file (type png)
<use ../assets/camisa/costas1.png>
Package luatex.def Info: ../assets/camisa/costas1.png  used on input line 1872.

(luatex.def)             Requested size: 22.76228pt x 22.75952pt.
File: ../assets/camisa/costas1.png Graphic file (type png)
<use ../assets/camisa/costas1.png>
Package luatex.def Info: ../assets/camisa/costas1.png  used on input line 1873.

(luatex.def)             Requested size: 22.76228pt x 22.75952pt.
File: ../assets/camisa/costas1.png Graphic file (type png)
<use ../assets/camisa/costas1.png>
Package luatex.def Info: ../assets/camisa/costas1.png  used on input line 1874.

(luatex.def)             Requested size: 22.76228pt x 22.75952pt.
File: ../assets/camisa/costas1.png Graphic file (type png)
<use ../assets/camisa/costas1.png>
Package luatex.def Info: ../assets/camisa/costas1.png  used on input line 1875.

(luatex.def)             Requested size: 22.76228pt x 22.75952pt.
File: ../assets/camisa/costas1.png Graphic file (type png)
<use ../assets/camisa/costas1.png>
Package luatex.def Info: ../assets/camisa/costas1.png  used on input line 1876.

(luatex.def)             Requested size: 22.76228pt x 22.75952pt.
File: ../assets/camisa/costas1.png Graphic file (type png)
<use ../assets/camisa/costas1.png>
Package luatex.def Info: ../assets/camisa/costas1.png  used on input line 1877.

(luatex.def)             Requested size: 22.76228pt x 22.75952pt.
File: ../assets/camisa/costas1.png Graphic file (type png)
<use ../assets/camisa/costas1.png>
Package luatex.def Info: ../assets/camisa/costas1.png  used on input line 1878.

(luatex.def)             Requested size: 22.76228pt x 22.75952pt.
File: ../assets/camisa/costas1.png Graphic file (type png)
<use ../assets/camisa/costas1.png>
Package luatex.def Info: ../assets/camisa/costas1.png  used on input line 1879.

(luatex.def)             Requested size: 22.76228pt x 22.75952pt.


[23<./svg-inkscape/remo_svg-tex.pdf>]
Package svg Info: Last page of `./svg-inkscape/montevideo_city_torque_svg-tex.p
df' is 1 on input line 1918.

(./svg-inkscape/montevideo_city_torque_svg-tex.pdf_tex
<./svg-inkscape/montevideo_city_torque_svg-tex.pdf, id=162, page=1, 301.12553pt
 x 301.12553pt>
File: ./svg-inkscape/montevideo_city_torque_svg-tex.pdf Graphic file (type pdf)

<use ./svg-inkscape/montevideo_city_torque_svg-tex.pdf, page 1>
Package luatex.def Info: ./svg-inkscape/montevideo_city_torque_svg-tex.pdf , pa
ge1 used on input line 56.
(luatex.def)             Requested size: 13.13995pt x 13.13652pt.
)
Package svg Info: Last page of `./svg-inkscape/gremio_svg-tex.pdf' is 1 on inpu
t line 1918.

(./svg-inkscape/gremio_svg-tex.pdf_tex
File: ./svg-inkscape/gremio_svg-tex.pdf Graphic file (type pdf)
<use ./svg-inkscape/gremio_svg-tex.pdf, page 1>
Package luatex.def Info: ./svg-inkscape/gremio_svg-tex.pdf , page1 used on inpu
t line 56.
(luatex.def)             Requested size: 13.13995pt x 13.13866pt.
)
File: ../assets/pitch/pitch.png Graphic file (type png)
<use ../assets/pitch/pitch.png>
Package luatex.def Info: ../assets/pitch/pitch.png  used on input line 1925.
(luatex.def)             Requested size: 256.0748pt x 384.09811pt.
File: ../assets/camisa/costas1.png Graphic file (type png)
<use ../assets/camisa/costas1.png>
Package luatex.def Info: ../assets/camisa/costas1.png  used on input line 1927.

(luatex.def)             Requested size: 34.14322pt x 34.1393pt.
File: ../assets/camisa/costas1.png Graphic file (type png)
<use ../assets/camisa/costas1.png>
Package luatex.def Info: ../assets/camisa/costas1.png  used on input line 1928.

(luatex.def)             Requested size: 34.14322pt x 34.1393pt.
File: ../assets/camisa/costas1.png Graphic file (type png)
<use ../assets/camisa/costas1.png>
Package luatex.def Info: ../assets/camisa/costas1.png  used on input line 1929.

(luatex.def)             Requested size: 34.14322pt x 34.1393pt.
File: ../assets/camisa/costas1.png Graphic file (type png)
<use ../assets/camisa/costas1.png>
Package luatex.def Info: ../assets/camisa/costas1.png  used on input line 1930.

(luatex.def)             Requested size: 34.14322pt x 34.1393pt.
File: ../assets/camisa/costas1.png Graphic file (type png)
<use ../assets/camisa/costas1.png>
Package luatex.def Info: ../assets/camisa/costas1.png  used on input line 1931.

(luatex.def)             Requested size: 34.14322pt x 34.1393pt.
File: ../assets/camisa/costas1.png Graphic file (type png)
<use ../assets/camisa/costas1.png>
Package luatex.def Info: ../assets/camisa/costas1.png  used on input line 1932.

(luatex.def)             Requested size: 34.14322pt x 34.1393pt.
File: ../assets/camisa/costas1.png Graphic file (type png)
<use ../assets/camisa/costas1.png>
Package luatex.def Info: ../assets/camisa/costas1.png  used on input line 1933.

(luatex.def)             Requested size: 34.14322pt x 34.1393pt.
File: ../assets/camisa/costas1.png Graphic file (type png)
<use ../assets/camisa/costas1.png>
Package luatex.def Info: ../assets/camisa/costas1.png  used on input line 1934.

(luatex.def)             Requested size: 34.14322pt x 34.1393pt.
File: ../assets/camisa/costas1.png Graphic file (type png)
<use ../assets/camisa/costas1.png>
Package luatex.def Info: ../assets/camisa/costas1.png  used on input line 1935.

(luatex.def)             Requested size: 34.14322pt x 34.1393pt.
File: ../assets/camisa/costas1.png Graphic file (type png)
<use ../assets/camisa/costas1.png>
Package luatex.def Info: ../assets/camisa/costas1.png  used on input line 1936.

(luatex.def)             Requested size: 34.14322pt x 34.1393pt.
File: ../assets/camisa/costas1.png Graphic file (type png)
<use ../assets/camisa/costas1.png>
Package luatex.def Info: ../assets/camisa/costas1.png  used on input line 1937.

(luatex.def)             Requested size: 34.14322pt x 34.1393pt.

Overfull \hbox (44.50333pt too wide) in paragraph at lines 1939--1940
[][]  
 []

File: ../assets/camisa/costas1.png Graphic file (type png)
<use ../assets/camisa/costas1.png>
Package luatex.def Info: ../assets/camisa/costas1.png  used on input line 1948.

(luatex.def)             Requested size: 22.76228pt x 22.75952pt.
File: ../assets/camisa/costas1.png Graphic file (type png)
<use ../assets/camisa/costas1.png>
Package luatex.def Info: ../assets/camisa/costas1.png  used on input line 1949.

(luatex.def)             Requested size: 22.76228pt x 22.75952pt.
File: ../assets/camisa/costas1.png Graphic file (type png)
<use ../assets/camisa/costas1.png>
Package luatex.def Info: ../assets/camisa/costas1.png  used on input line 1950.

(luatex.def)             Requested size: 22.76228pt x 22.75952pt.
File: ../assets/camisa/costas1.png Graphic file (type png)
<use ../assets/camisa/costas1.png>
Package luatex.def Info: ../assets/camisa/costas1.png  used on input line 1951.

(luatex.def)             Requested size: 22.76228pt x 22.75952pt.
File: ../assets/camisa/costas1.png Graphic file (type png)
<use ../assets/camisa/costas1.png>
Package luatex.def Info: ../assets/camisa/costas1.png  used on input line 1952.

(luatex.def)             Requested size: 22.76228pt x 22.75952pt.
File: ../assets/camisa/costas1.png Graphic file (type png)
<use ../assets/camisa/costas1.png>
Package luatex.def Info: ../assets/camisa/costas1.png  used on input line 1953.

(luatex.def)             Requested size: 22.76228pt x 22.75952pt.
File: ../assets/camisa/costas1.png Graphic file (type png)
<use ../assets/camisa/costas1.png>
Package luatex.def Info: ../assets/camisa/costas1.png  used on input line 1954.

(luatex.def)             Requested size: 22.76228pt x 22.75952pt.
File: ../assets/camisa/costas1.png Graphic file (type png)
<use ../assets/camisa/costas1.png>
Package luatex.def Info: ../assets/camisa/costas1.png  used on input line 1955.

(luatex.def)             Requested size: 22.76228pt x 22.75952pt.
File: ../assets/camisa/costas1.png Graphic file (type png)
<use ../assets/camisa/costas1.png>
Package luatex.def Info: ../assets/camisa/costas1.png  used on input line 1956.

(luatex.def)             Requested size: 22.76228pt x 22.75952pt.
File: ../assets/camisa/costas1.png Graphic file (type png)
<use ../assets/camisa/costas1.png>
Package luatex.def Info: ../assets/camisa/costas1.png  used on input line 1957.

(luatex.def)             Requested size: 22.76228pt x 22.75952pt.
File: ../assets/camisa/costas1.png Graphic file (type png)
<use ../assets/camisa/costas1.png>
Package luatex.def Info: ../assets/camisa/costas1.png  used on input line 1958.

(luatex.def)             Requested size: 22.76228pt x 22.75952pt.
File: ../assets/camisa/costas1.png Graphic file (type png)
<use ../assets/camisa/costas1.png>
Package luatex.def Info: ../assets/camisa/costas1.png  used on input line 1959.

(luatex.def)             Requested size: 22.76228pt x 22.75952pt.


[24<./svg-inkscape/montevideo_city_torque_svg-tex.pdf>]
Package svg Info: Last page of `./svg-inkscape/internacional_svg-tex.pdf' is 2 
on input line 1992.

(./svg-inkscape/internacional_svg-tex.pdf_tex
<./svg-inkscape/internacional_svg-tex.pdf, id=171, page=1, 3412.31969pt x 1038.
59343pt>
File: ./svg-inkscape/internacional_svg-tex.pdf Graphic file (type pdf)
<use ./svg-inkscape/internacional_svg-tex.pdf, page 1>
Package luatex.def Info: ./svg-inkscape/internacional_svg-tex.pdf , page1 used 
on input line 56.
(luatex.def)             Requested size: 43.17783pt x 13.13768pt.
<./svg-inkscape/internacional_svg-tex.pdf, id=172, page=2, 3412.31969pt x 1038.
59343pt>
File: ./svg-inkscape/internacional_svg-tex.pdf Graphic file (type pdf)
<use ./svg-inkscape/internacional_svg-tex.pdf, page 2>
Package luatex.def Info: ./svg-inkscape/internacional_svg-tex.pdf , page2 used 
on input line 61.
(luatex.def)             Requested size: 43.17783pt x 13.13768pt.
)
Package svg Info: Last page of `./svg-inkscape/gremio_svg-tex.pdf' is 1 on inpu
t line 1992.

(./svg-inkscape/gremio_svg-tex.pdf_tex
File: ./svg-inkscape/gremio_svg-tex.pdf Graphic file (type pdf)
<use ./svg-inkscape/gremio_svg-tex.pdf, page 1>
Package luatex.def Info: ./svg-inkscape/gremio_svg-tex.pdf , page1 used on inpu
t line 56.
(luatex.def)             Requested size: 13.13995pt x 13.13866pt.
)
File: ../assets/pitch/pitch.png Graphic file (type png)
<use ../assets/pitch/pitch.png>
Package luatex.def Info: ../assets/pitch/pitch.png  used on input line 1999.
(luatex.def)             Requested size: 256.0748pt x 384.09811pt.
File: ../assets/camisa/costas1.png Graphic file (type png)
<use ../assets/camisa/costas1.png>
Package luatex.def Info: ../assets/camisa/costas1.png  used on input line 2001.

(luatex.def)             Requested size: 34.14322pt x 34.1393pt.
File: ../assets/camisa/costas1.png Graphic file (type png)
<use ../assets/camisa/costas1.png>
Package luatex.def Info: ../assets/camisa/costas1.png  used on input line 2002.

(luatex.def)             Requested size: 34.14322pt x 34.1393pt.
File: ../assets/camisa/costas1.png Graphic file (type png)
<use ../assets/camisa/costas1.png>
Package luatex.def Info: ../assets/camisa/costas1.png  used on input line 2003.

(luatex.def)             Requested size: 34.14322pt x 34.1393pt.
File: ../assets/camisa/costas1.png Graphic file (type png)
<use ../assets/camisa/costas1.png>
Package luatex.def Info: ../assets/camisa/costas1.png  used on input line 2004.

(luatex.def)             Requested size: 34.14322pt x 34.1393pt.
File: ../assets/camisa/costas1.png Graphic file (type png)
<use ../assets/camisa/costas1.png>
Package luatex.def Info: ../assets/camisa/costas1.png  used on input line 2005.

(luatex.def)             Requested size: 34.14322pt x 34.1393pt.
File: ../assets/camisa/costas1.png Graphic file (type png)
<use ../assets/camisa/costas1.png>
Package luatex.def Info: ../assets/camisa/costas1.png  used on input line 2006.

(luatex.def)             Requested size: 34.14322pt x 34.1393pt.
File: ../assets/camisa/costas1.png Graphic file (type png)
<use ../assets/camisa/costas1.png>
Package luatex.def Info: ../assets/camisa/costas1.png  used on input line 2007.

(luatex.def)             Requested size: 34.14322pt x 34.1393pt.
File: ../assets/camisa/costas1.png Graphic file (type png)
<use ../assets/camisa/costas1.png>
Package luatex.def Info: ../assets/camisa/costas1.png  used on input line 2008.

(luatex.def)             Requested size: 34.14322pt x 34.1393pt.
File: ../assets/camisa/costas1.png Graphic file (type png)
<use ../assets/camisa/costas1.png>
Package luatex.def Info: ../assets/camisa/costas1.png  used on input line 2009.

(luatex.def)             Requested size: 34.14322pt x 34.1393pt.
File: ../assets/camisa/costas1.png Graphic file (type png)
<use ../assets/camisa/costas1.png>
Package luatex.def Info: ../assets/camisa/costas1.png  used on input line 2010.

(luatex.def)             Requested size: 34.14322pt x 34.1393pt.
File: ../assets/camisa/costas1.png Graphic file (type png)
<use ../assets/camisa/costas1.png>
Package luatex.def Info: ../assets/camisa/costas1.png  used on input line 2011.

(luatex.def)             Requested size: 34.14322pt x 34.1393pt.

Overfull \hbox (44.50333pt too wide) in paragraph at lines 2013--2014
[][]  
 []

File: ../assets/camisa/costas1.png Graphic file (type png)
<use ../assets/camisa/costas1.png>
Package luatex.def Info: ../assets/camisa/costas1.png  used on input line 2022.

(luatex.def)             Requested size: 22.76228pt x 22.75952pt.
File: ../assets/camisa/costas1.png Graphic file (type png)
<use ../assets/camisa/costas1.png>
Package luatex.def Info: ../assets/camisa/costas1.png  used on input line 2023.

(luatex.def)             Requested size: 22.76228pt x 22.75952pt.
File: ../assets/camisa/costas1.png Graphic file (type png)
<use ../assets/camisa/costas1.png>
Package luatex.def Info: ../assets/camisa/costas1.png  used on input line 2024.

(luatex.def)             Requested size: 22.76228pt x 22.75952pt.
File: ../assets/camisa/costas1.png Graphic file (type png)
<use ../assets/camisa/costas1.png>
Package luatex.def Info: ../assets/camisa/costas1.png  used on input line 2025.

(luatex.def)             Requested size: 22.76228pt x 22.75952pt.
File: ../assets/camisa/costas1.png Graphic file (type png)
<use ../assets/camisa/costas1.png>
Package luatex.def Info: ../assets/camisa/costas1.png  used on input line 2026.

(luatex.def)             Requested size: 22.76228pt x 22.75952pt.
File: ../assets/camisa/costas1.png Graphic file (type png)
<use ../assets/camisa/costas1.png>
Package luatex.def Info: ../assets/camisa/costas1.png  used on input line 2027.

(luatex.def)             Requested size: 22.76228pt x 22.75952pt.
File: ../assets/camisa/costas1.png Graphic file (type png)
<use ../assets/camisa/costas1.png>
Package luatex.def Info: ../assets/camisa/costas1.png  used on input line 2028.

(luatex.def)             Requested size: 22.76228pt x 22.75952pt.
File: ../assets/camisa/costas1.png Graphic file (type png)
<use ../assets/camisa/costas1.png>
Package luatex.def Info: ../assets/camisa/costas1.png  used on input line 2029.

(luatex.def)             Requested size: 22.76228pt x 22.75952pt.
File: ../assets/camisa/costas1.png Graphic file (type png)
<use ../assets/camisa/costas1.png>
Package luatex.def Info: ../assets/camisa/costas1.png  used on input line 2030.

(luatex.def)             Requested size: 22.76228pt x 22.75952pt.
File: ../assets/camisa/costas1.png Graphic file (type png)
<use ../assets/camisa/costas1.png>
Package luatex.def Info: ../assets/camisa/costas1.png  used on input line 2031.

(luatex.def)             Requested size: 22.76228pt x 22.75952pt.
File: ../assets/camisa/costas1.png Graphic file (type png)
<use ../assets/camisa/costas1.png>
Package luatex.def Info: ../assets/camisa/costas1.png  used on input line 2032.

(luatex.def)             Requested size: 22.76228pt x 22.75952pt.
File: ../assets/camisa/costas1.png Graphic file (type png)
<use ../assets/camisa/costas1.png>
Package luatex.def Info: ../assets/camisa/costas1.png  used on input line 2033.

(luatex.def)             Requested size: 22.76228pt x 22.75952pt.


[25<./svg-inkscape/internacional_svg-tex.pdf><./svg-inkscape/internacional_svg-t
ex.pdf>]
Package svg Info: Last page of `./svg-inkscape/gremio_svg-tex.pdf' is 1 on inpu
t line 2072.
 (./svg-inkscape/gremio_svg-tex.pdf_tex
File: ./svg-inkscape/gremio_svg-tex.pdf Graphic file (type pdf)
<use ./svg-inkscape/gremio_svg-tex.pdf, page 1>
Package luatex.def Info: ./svg-inkscape/gremio_svg-tex.pdf , page1 used on inpu
t line 56.
(luatex.def)             Requested size: 13.13995pt x 13.13866pt.
)
Package svg Info: Last page of `./svg-inkscape/deportivo_riestra_svg-tex.pdf' i
s 1 on input line 2072.

(./svg-inkscape/deportivo_riestra_svg-tex.pdf_tex
<./svg-inkscape/deportivo_riestra_svg-tex.pdf, id=183, page=1, 317.9127pt x 367
.41766pt>
File: ./svg-inkscape/deportivo_riestra_svg-tex.pdf Graphic file (type pdf)
<use ./svg-inkscape/deportivo_riestra_svg-tex.pdf, page 1>
Package luatex.def Info: ./svg-inkscape/deportivo_riestra_svg-tex.pdf , page1 u
sed on input line 56.
(luatex.def)             Requested size: 11.37013pt x 13.13564pt.
)
File: ../assets/pitch/pitch.png Graphic file (type png)
<use ../assets/pitch/pitch.png>
Package luatex.def Info: ../assets/pitch/pitch.png  used on input line 2079.
(luatex.def)             Requested size: 256.0748pt x 384.09811pt.
File: ../assets/camisa/costas1.png Graphic file (type png)
<use ../assets/camisa/costas1.png>
Package luatex.def Info: ../assets/camisa/costas1.png  used on input line 2081.

(luatex.def)             Requested size: 34.14322pt x 34.1393pt.
File: ../assets/camisa/costas1.png Graphic file (type png)
<use ../assets/camisa/costas1.png>
Package luatex.def Info: ../assets/camisa/costas1.png  used on input line 2082.

(luatex.def)             Requested size: 34.14322pt x 34.1393pt.
File: ../assets/camisa/costas1.png Graphic file (type png)
<use ../assets/camisa/costas1.png>
Package luatex.def Info: ../assets/camisa/costas1.png  used on input line 2083.

(luatex.def)             Requested size: 34.14322pt x 34.1393pt.
File: ../assets/camisa/costas1.png Graphic file (type png)
<use ../assets/camisa/costas1.png>
Package luatex.def Info: ../assets/camisa/costas1.png  used on input line 2084.

(luatex.def)             Requested size: 34.14322pt x 34.1393pt.
File: ../assets/camisa/costas1.png Graphic file (type png)
<use ../assets/camisa/costas1.png>
Package luatex.def Info: ../assets/camisa/costas1.png  used on input line 2085.

(luatex.def)             Requested size: 34.14322pt x 34.1393pt.
File: ../assets/camisa/costas1.png Graphic file (type png)
<use ../assets/camisa/costas1.png>
Package luatex.def Info: ../assets/camisa/costas1.png  used on input line 2086.

(luatex.def)             Requested size: 34.14322pt x 34.1393pt.
File: ../assets/camisa/costas1.png Graphic file (type png)
<use ../assets/camisa/costas1.png>
Package luatex.def Info: ../assets/camisa/costas1.png  used on input line 2087.

(luatex.def)             Requested size: 34.14322pt x 34.1393pt.
File: ../assets/camisa/costas1.png Graphic file (type png)
<use ../assets/camisa/costas1.png>
Package luatex.def Info: ../assets/camisa/costas1.png  used on input line 2088.

(luatex.def)             Requested size: 34.14322pt x 34.1393pt.
File: ../assets/camisa/costas1.png Graphic file (type png)
<use ../assets/camisa/costas1.png>
Package luatex.def Info: ../assets/camisa/costas1.png  used on input line 2089.

(luatex.def)             Requested size: 34.14322pt x 34.1393pt.
File: ../assets/camisa/costas1.png Graphic file (type png)
<use ../assets/camisa/costas1.png>
Package luatex.def Info: ../assets/camisa/costas1.png  used on input line 2090.

(luatex.def)             Requested size: 34.14322pt x 34.1393pt.
File: ../assets/camisa/costas1.png Graphic file (type png)
<use ../assets/camisa/costas1.png>
Package luatex.def Info: ../assets/camisa/costas1.png  used on input line 2091.

(luatex.def)             Requested size: 34.14322pt x 34.1393pt.

Overfull \hbox (44.50333pt too wide) in paragraph at lines 2093--2094
[][]  
 []

File: ../assets/camisa/costas1.png Graphic file (type png)
<use ../assets/camisa/costas1.png>
Package luatex.def Info: ../assets/camisa/costas1.png  used on input line 2102.

(luatex.def)             Requested size: 22.76228pt x 22.75952pt.
File: ../assets/camisa/costas1.png Graphic file (type png)
<use ../assets/camisa/costas1.png>
Package luatex.def Info: ../assets/camisa/costas1.png  used on input line 2103.

(luatex.def)             Requested size: 22.76228pt x 22.75952pt.
File: ../assets/camisa/costas1.png Graphic file (type png)
<use ../assets/camisa/costas1.png>
Package luatex.def Info: ../assets/camisa/costas1.png  used on input line 2104.

(luatex.def)             Requested size: 22.76228pt x 22.75952pt.
File: ../assets/camisa/costas1.png Graphic file (type png)
<use ../assets/camisa/costas1.png>
Package luatex.def Info: ../assets/camisa/costas1.png  used on input line 2105.

(luatex.def)             Requested size: 22.76228pt x 22.75952pt.
File: ../assets/camisa/costas1.png Graphic file (type png)
<use ../assets/camisa/costas1.png>
Package luatex.def Info: ../assets/camisa/costas1.png  used on input line 2106.

(luatex.def)             Requested size: 22.76228pt x 22.75952pt.
File: ../assets/camisa/costas1.png Graphic file (type png)
<use ../assets/camisa/costas1.png>
Package luatex.def Info: ../assets/camisa/costas1.png  used on input line 2107.

(luatex.def)             Requested size: 22.76228pt x 22.75952pt.
File: ../assets/camisa/costas1.png Graphic file (type png)
<use ../assets/camisa/costas1.png>
Package luatex.def Info: ../assets/camisa/costas1.png  used on input line 2108.

(luatex.def)             Requested size: 22.76228pt x 22.75952pt.
File: ../assets/camisa/costas1.png Graphic file (type png)
<use ../assets/camisa/costas1.png>
Package luatex.def Info: ../assets/camisa/costas1.png  used on input line 2109.

(luatex.def)             Requested size: 22.76228pt x 22.75952pt.
File: ../assets/camisa/costas1.png Graphic file (type png)
<use ../assets/camisa/costas1.png>
Package luatex.def Info: ../assets/camisa/costas1.png  used on input line 2110.

(luatex.def)             Requested size: 22.76228pt x 22.75952pt.
File: ../assets/camisa/costas1.png Graphic file (type png)
<use ../assets/camisa/costas1.png>
Package luatex.def Info: ../assets/camisa/costas1.png  used on input line 2111.

(luatex.def)             Requested size: 22.76228pt x 22.75952pt.
File: ../assets/camisa/costas1.png Graphic file (type png)
<use ../assets/camisa/costas1.png>
Package luatex.def Info: ../assets/camisa/costas1.png  used on input line 2112.

(luatex.def)             Requested size: 22.76228pt x 22.75952pt.


[26<./svg-inkscape/deportivo_riestra_svg-tex.pdf>]
Package svg Info: Last page of `./svg-inkscape/cruzeiro_svg-tex.pdf' is 1 on in
put line 2145.

(./svg-inkscape/cruzeiro_svg-tex.pdf_tex
<./svg-inkscape/cruzeiro_svg-tex.pdf, id=191, page=1, 373.395pt x 373.395pt>
File: ./svg-inkscape/cruzeiro_svg-tex.pdf Graphic file (type pdf)
<use ./svg-inkscape/cruzeiro_svg-tex.pdf, page 1>
Package luatex.def Info: ./svg-inkscape/cruzeiro_svg-tex.pdf , page1 used on in
put line 56.
(luatex.def)             Requested size: 13.13995pt x 13.13852pt.
)
Package svg Info: Last page of `./svg-inkscape/gremio_svg-tex.pdf' is 1 on inpu
t line 2145.

(./svg-inkscape/gremio_svg-tex.pdf_tex
File: ./svg-inkscape/gremio_svg-tex.pdf Graphic file (type pdf)
<use ./svg-inkscape/gremio_svg-tex.pdf, page 1>
Package luatex.def Info: ./svg-inkscape/gremio_svg-tex.pdf , page1 used on inpu
t line 56.
(luatex.def)             Requested size: 13.13995pt x 13.13866pt.
)
File: ../assets/pitch/pitch.png Graphic file (type png)
<use ../assets/pitch/pitch.png>
Package luatex.def Info: ../assets/pitch/pitch.png  used on input line 2152.
(luatex.def)             Requested size: 256.0748pt x 384.09811pt.
File: ../assets/camisa/costas1.png Graphic file (type png)
<use ../assets/camisa/costas1.png>
Package luatex.def Info: ../assets/camisa/costas1.png  used on input line 2154.

(luatex.def)             Requested size: 34.14322pt x 34.1393pt.
File: ../assets/camisa/costas1.png Graphic file (type png)
<use ../assets/camisa/costas1.png>
Package luatex.def Info: ../assets/camisa/costas1.png  used on input line 2155.

(luatex.def)             Requested size: 34.14322pt x 34.1393pt.
File: ../assets/camisa/costas1.png Graphic file (type png)
<use ../assets/camisa/costas1.png>
Package luatex.def Info: ../assets/camisa/costas1.png  used on input line 2156.

(luatex.def)             Requested size: 34.14322pt x 34.1393pt.
File: ../assets/camisa/costas1.png Graphic file (type png)
<use ../assets/camisa/costas1.png>
Package luatex.def Info: ../assets/camisa/costas1.png  used on input line 2157.

(luatex.def)             Requested size: 34.14322pt x 34.1393pt.
File: ../assets/camisa/costas1.png Graphic file (type png)
<use ../assets/camisa/costas1.png>
Package luatex.def Info: ../assets/camisa/costas1.png  used on input line 2158.

(luatex.def)             Requested size: 34.14322pt x 34.1393pt.
File: ../assets/camisa/costas1.png Graphic file (type png)
<use ../assets/camisa/costas1.png>
Package luatex.def Info: ../assets/camisa/costas1.png  used on input line 2159.

(luatex.def)             Requested size: 34.14322pt x 34.1393pt.
File: ../assets/camisa/costas1.png Graphic file (type png)
<use ../assets/camisa/costas1.png>
Package luatex.def Info: ../assets/camisa/costas1.png  used on input line 2160.

(luatex.def)             Requested size: 34.14322pt x 34.1393pt.
File: ../assets/camisa/costas1.png Graphic file (type png)
<use ../assets/camisa/costas1.png>
Package luatex.def Info: ../assets/camisa/costas1.png  used on input line 2161.

(luatex.def)             Requested size: 34.14322pt x 34.1393pt.
File: ../assets/camisa/costas1.png Graphic file (type png)
<use ../assets/camisa/costas1.png>
Package luatex.def Info: ../assets/camisa/costas1.png  used on input line 2162.

(luatex.def)             Requested size: 34.14322pt x 34.1393pt.
File: ../assets/camisa/costas1.png Graphic file (type png)
<use ../assets/camisa/costas1.png>
Package luatex.def Info: ../assets/camisa/costas1.png  used on input line 2163.

(luatex.def)             Requested size: 34.14322pt x 34.1393pt.
File: ../assets/camisa/costas1.png Graphic file (type png)
<use ../assets/camisa/costas1.png>
Package luatex.def Info: ../assets/camisa/costas1.png  used on input line 2164.

(luatex.def)             Requested size: 34.14322pt x 34.1393pt.

Overfull \hbox (44.50333pt too wide) in paragraph at lines 2166--2167
[][]  
 []

File: ../assets/camisa/costas1.png Graphic file (type png)
<use ../assets/camisa/costas1.png>
Package luatex.def Info: ../assets/camisa/costas1.png  used on input line 2175.

(luatex.def)             Requested size: 22.76228pt x 22.75952pt.
File: ../assets/camisa/costas1.png Graphic file (type png)
<use ../assets/camisa/costas1.png>
Package luatex.def Info: ../assets/camisa/costas1.png  used on input line 2176.

(luatex.def)             Requested size: 22.76228pt x 22.75952pt.
File: ../assets/camisa/costas1.png Graphic file (type png)
<use ../assets/camisa/costas1.png>
Package luatex.def Info: ../assets/camisa/costas1.png  used on input line 2177.

(luatex.def)             Requested size: 22.76228pt x 22.75952pt.
File: ../assets/camisa/costas1.png Graphic file (type png)
<use ../assets/camisa/costas1.png>
Package luatex.def Info: ../assets/camisa/costas1.png  used on input line 2178.

(luatex.def)             Requested size: 22.76228pt x 22.75952pt.
File: ../assets/camisa/costas1.png Graphic file (type png)
<use ../assets/camisa/costas1.png>
Package luatex.def Info: ../assets/camisa/costas1.png  used on input line 2179.

(luatex.def)             Requested size: 22.76228pt x 22.75952pt.
File: ../assets/camisa/costas1.png Graphic file (type png)
<use ../assets/camisa/costas1.png>
Package luatex.def Info: ../assets/camisa/costas1.png  used on input line 2180.

(luatex.def)             Requested size: 22.76228pt x 22.75952pt.
File: ../assets/camisa/costas1.png Graphic file (type png)
<use ../assets/camisa/costas1.png>
Package luatex.def Info: ../assets/camisa/costas1.png  used on input line 2181.

(luatex.def)             Requested size: 22.76228pt x 22.75952pt.
File: ../assets/camisa/costas1.png Graphic file (type png)
<use ../assets/camisa/costas1.png>
Package luatex.def Info: ../assets/camisa/costas1.png  used on input line 2182.

(luatex.def)             Requested size: 22.76228pt x 22.75952pt.
File: ../assets/camisa/costas1.png Graphic file (type png)
<use ../assets/camisa/costas1.png>
Package luatex.def Info: ../assets/camisa/costas1.png  used on input line 2183.

(luatex.def)             Requested size: 22.76228pt x 22.75952pt.
File: ../assets/camisa/costas1.png Graphic file (type png)
<use ../assets/camisa/costas1.png>
Package luatex.def Info: ../assets/camisa/costas1.png  used on input line 2184.

(luatex.def)             Requested size: 22.76228pt x 22.75952pt.
File: ../assets/camisa/costas1.png Graphic file (type png)
<use ../assets/camisa/costas1.png>
Package luatex.def Info: ../assets/camisa/costas1.png  used on input line 2185.

(luatex.def)             Requested size: 22.76228pt x 22.75952pt.
File: ../assets/camisa/costas1.png Graphic file (type png)
<use ../assets/camisa/costas1.png>
Package luatex.def Info: ../assets/camisa/costas1.png  used on input line 2186.

(luatex.def)             Requested size: 22.76228pt x 22.75952pt.


[27<./svg-inkscape/cruzeiro_svg-tex.pdf>]
Package svg Info: Last page of `./svg-inkscape/gremio_svg-tex.pdf' is 1 on inpu
t line 2215.

(./svg-inkscape/gremio_svg-tex.pdf_tex
File: ./svg-inkscape/gremio_svg-tex.pdf Graphic file (type pdf)
<use ./svg-inkscape/gremio_svg-tex.pdf, page 1>
Package luatex.def Info: ./svg-inkscape/gremio_svg-tex.pdf , page1 used on inpu
t line 56.
(luatex.def)             Requested size: 13.13995pt x 13.13866pt.
)
Package svg Info: Calling Inkscape on input line 2215.
runsystem(inkscape "../assets/escudos/confianca.svg" -D --export-latex --export-
filename="confianca_svg-tex.pdf")...executed.
runsystem(mkdir -p "./svg-inkscape/")...executed.
runsystem(mv "confianca_svg-tex.pdf" "./svg-inkscape/confianca_svg-tex.pdf")...e
xecuted.
runsystem(mv "confianca_svg-tex.pdf_tex" "./svg-inkscape/confianca_svg-tex.pdf_t
ex")...executed.
Package svg Info: Last page of `./svg-inkscape/confianca_svg-tex.pdf' is 1 on i
nput line 2215.

(./svg-inkscape/confianca_svg-tex.pdf_tex
<./svg-inkscape/confianca_svg-tex.pdf, id=201, page=1, 442.72906pt x 442.6538pt
>
File: ./svg-inkscape/confianca_svg-tex.pdf Graphic file (type pdf)
<use ./svg-inkscape/confianca_svg-tex.pdf, page 1>
Package luatex.def Info: ./svg-inkscape/confianca_svg-tex.pdf , page1 used on i
nput line 56.
(luatex.def)             Requested size: 13.14316pt x 13.13719pt.
)
File: ../assets/pitch/pitch.png Graphic file (type png)
<use ../assets/pitch/pitch.png>
Package luatex.def Info: ../assets/pitch/pitch.png  used on input line 2222.
(luatex.def)             Requested size: 256.0748pt x 384.09811pt.
File: ../assets/camisa/costas1.png Graphic file (type png)
<use ../assets/camisa/costas1.png>
Package luatex.def Info: ../assets/camisa/costas1.png  used on input line 2224.

(luatex.def)             Requested size: 34.14322pt x 34.1393pt.
File: ../assets/camisa/costas1.png Graphic file (type png)
<use ../assets/camisa/costas1.png>
Package luatex.def Info: ../assets/camisa/costas1.png  used on input line 2225.

(luatex.def)             Requested size: 34.14322pt x 34.1393pt.
File: ../assets/camisa/costas1.png Graphic file (type png)
<use ../assets/camisa/costas1.png>
Package luatex.def Info: ../assets/camisa/costas1.png  used on input line 2226.

(luatex.def)             Requested size: 34.14322pt x 34.1393pt.
File: ../assets/camisa/costas1.png Graphic file (type png)
<use ../assets/camisa/costas1.png>
Package luatex.def Info: ../assets/camisa/costas1.png  used on input line 2227.

(luatex.def)             Requested size: 34.14322pt x 34.1393pt.
File: ../assets/camisa/costas1.png Graphic file (type png)
<use ../assets/camisa/costas1.png>
Package luatex.def Info: ../assets/camisa/costas1.png  used on input line 2228.

(luatex.def)             Requested size: 34.14322pt x 34.1393pt.
File: ../assets/camisa/costas1.png Graphic file (type png)
<use ../assets/camisa/costas1.png>
Package luatex.def Info: ../assets/camisa/costas1.png  used on input line 2229.

(luatex.def)             Requested size: 34.14322pt x 34.1393pt.
File: ../assets/camisa/costas1.png Graphic file (type png)
<use ../assets/camisa/costas1.png>
Package luatex.def Info: ../assets/camisa/costas1.png  used on input line 2230.

(luatex.def)             Requested size: 34.14322pt x 34.1393pt.
File: ../assets/camisa/costas1.png Graphic file (type png)
<use ../assets/camisa/costas1.png>
Package luatex.def Info: ../assets/camisa/costas1.png  used on input line 2231.

(luatex.def)             Requested size: 34.14322pt x 34.1393pt.
File: ../assets/camisa/costas1.png Graphic file (type png)
<use ../assets/camisa/costas1.png>
Package luatex.def Info: ../assets/camisa/costas1.png  used on input line 2232.

(luatex.def)             Requested size: 34.14322pt x 34.1393pt.
File: ../assets/camisa/costas1.png Graphic file (type png)
<use ../assets/camisa/costas1.png>
Package luatex.def Info: ../assets/camisa/costas1.png  used on input line 2233.

(luatex.def)             Requested size: 34.14322pt x 34.1393pt.
File: ../assets/camisa/costas1.png Graphic file (type png)
<use ../assets/camisa/costas1.png>
Package luatex.def Info: ../assets/camisa/costas1.png  used on input line 2234.

(luatex.def)             Requested size: 34.14322pt x 34.1393pt.

Overfull \hbox (44.50333pt too wide) in paragraph at lines 2236--2237
[][]  
 []



[28<./svg-inkscape/confianca_svg-tex.pdf>]
Package svg Info: Last page of `./svg-inkscape/gremio_svg-tex.pdf' is 1 on inpu
t line 2278.

(./svg-inkscape/gremio_svg-tex.pdf_tex
File: ./svg-inkscape/gremio_svg-tex.pdf Graphic file (type pdf)
<use ./svg-inkscape/gremio_svg-tex.pdf, page 1>
Package luatex.def Info: ./svg-inkscape/gremio_svg-tex.pdf , page1 used on inpu
t line 56.
(luatex.def)             Requested size: 13.13995pt x 13.13866pt.
)
Package svg Info: Last page of `./svg-inkscape/coritiba_svg-tex.pdf' is 1 on in
put line 2278.

(./svg-inkscape/coritiba_svg-tex.pdf_tex
<./svg-inkscape/coritiba_svg-tex.pdf, id=210, page=1, 311.89021pt x 311.28796pt
>
File: ./svg-inkscape/coritiba_svg-tex.pdf Graphic file (type pdf)
<use ./svg-inkscape/coritiba_svg-tex.pdf, page 1>
Package luatex.def Info: ./svg-inkscape/coritiba_svg-tex.pdf , page1 used on in
put line 56.
(luatex.def)             Requested size: 13.1656pt x 13.13812pt.
)
File: ../assets/pitch/pitch.png Graphic file (type png)
<use ../assets/pitch/pitch.png>
Package luatex.def Info: ../assets/pitch/pitch.png  used on input line 2285.
(luatex.def)             Requested size: 256.0748pt x 384.09811pt.
File: ../assets/camisa/costas1.png Graphic file (type png)
<use ../assets/camisa/costas1.png>
Package luatex.def Info: ../assets/camisa/costas1.png  used on input line 2287.

(luatex.def)             Requested size: 34.14322pt x 34.1393pt.
File: ../assets/camisa/costas1.png Graphic file (type png)
<use ../assets/camisa/costas1.png>
Package luatex.def Info: ../assets/camisa/costas1.png  used on input line 2288.

(luatex.def)             Requested size: 34.14322pt x 34.1393pt.
File: ../assets/camisa/costas1.png Graphic file (type png)
<use ../assets/camisa/costas1.png>
Package luatex.def Info: ../assets/camisa/costas1.png  used on input line 2289.

(luatex.def)             Requested size: 34.14322pt x 34.1393pt.
File: ../assets/camisa/costas1.png Graphic file (type png)
<use ../assets/camisa/costas1.png>
Package luatex.def Info: ../assets/camisa/costas1.png  used on input line 2290.

(luatex.def)             Requested size: 34.14322pt x 34.1393pt.
File: ../assets/camisa/costas1.png Graphic file (type png)
<use ../assets/camisa/costas1.png>
Package luatex.def Info: ../assets/camisa/costas1.png  used on input line 2291.

(luatex.def)             Requested size: 34.14322pt x 34.1393pt.
File: ../assets/camisa/costas1.png Graphic file (type png)
<use ../assets/camisa/costas1.png>
Package luatex.def Info: ../assets/camisa/costas1.png  used on input line 2292.

(luatex.def)             Requested size: 34.14322pt x 34.1393pt.
File: ../assets/camisa/costas1.png Graphic file (type png)
<use ../assets/camisa/costas1.png>
Package luatex.def Info: ../assets/camisa/costas1.png  used on input line 2293.

(luatex.def)             Requested size: 34.14322pt x 34.1393pt.
File: ../assets/camisa/costas1.png Graphic file (type png)
<use ../assets/camisa/costas1.png>
Package luatex.def Info: ../assets/camisa/costas1.png  used on input line 2294.

(luatex.def)             Requested size: 34.14322pt x 34.1393pt.
File: ../assets/camisa/costas1.png Graphic file (type png)
<use ../assets/camisa/costas1.png>
Package luatex.def Info: ../assets/camisa/costas1.png  used on input line 2295.

(luatex.def)             Requested size: 34.14322pt x 34.1393pt.
File: ../assets/camisa/costas1.png Graphic file (type png)
<use ../assets/camisa/costas1.png>
Package luatex.def Info: ../assets/camisa/costas1.png  used on input line 2296.

(luatex.def)             Requested size: 34.14322pt x 34.1393pt.
File: ../assets/camisa/costas1.png Graphic file (type png)
<use ../assets/camisa/costas1.png>
Package luatex.def Info: ../assets/camisa/costas1.png  used on input line 2297.

(luatex.def)             Requested size: 34.14322pt x 34.1393pt.

Overfull \hbox (44.50333pt too wide) in paragraph at lines 2299--2300
[][]  
 []

File: ../assets/camisa/costas1.png Graphic file (type png)
<use ../assets/camisa/costas1.png>
Package luatex.def Info: ../assets/camisa/costas1.png  used on input line 2308.

(luatex.def)             Requested size: 22.76228pt x 22.75952pt.
File: ../assets/camisa/costas1.png Graphic file (type png)
<use ../assets/camisa/costas1.png>
Package luatex.def Info: ../assets/camisa/costas1.png  used on input line 2309.

(luatex.def)             Requested size: 22.76228pt x 22.75952pt.
File: ../assets/camisa/costas1.png Graphic file (type png)
<use ../assets/camisa/costas1.png>
Package luatex.def Info: ../assets/camisa/costas1.png  used on input line 2310.

(luatex.def)             Requested size: 22.76228pt x 22.75952pt.
File: ../assets/camisa/costas1.png Graphic file (type png)
<use ../assets/camisa/costas1.png>
Package luatex.def Info: ../assets/camisa/costas1.png  used on input line 2311.

(luatex.def)             Requested size: 22.76228pt x 22.75952pt.
File: ../assets/camisa/costas1.png Graphic file (type png)
<use ../assets/camisa/costas1.png>
Package luatex.def Info: ../assets/camisa/costas1.png  used on input line 2312.

(luatex.def)             Requested size: 22.76228pt x 22.75952pt.
File: ../assets/camisa/costas1.png Graphic file (type png)
<use ../assets/camisa/costas1.png>
Package luatex.def Info: ../assets/camisa/costas1.png  used on input line 2313.

(luatex.def)             Requested size: 22.76228pt x 22.75952pt.
File: ../assets/camisa/costas1.png Graphic file (type png)
<use ../assets/camisa/costas1.png>
Package luatex.def Info: ../assets/camisa/costas1.png  used on input line 2314.

(luatex.def)             Requested size: 22.76228pt x 22.75952pt.
File: ../assets/camisa/costas1.png Graphic file (type png)
<use ../assets/camisa/costas1.png>
Package luatex.def Info: ../assets/camisa/costas1.png  used on input line 2315.

(luatex.def)             Requested size: 22.76228pt x 22.75952pt.
File: ../assets/camisa/costas1.png Graphic file (type png)
<use ../assets/camisa/costas1.png>
Package luatex.def Info: ../assets/camisa/costas1.png  used on input line 2316.

(luatex.def)             Requested size: 22.76228pt x 22.75952pt.
File: ../assets/camisa/costas1.png Graphic file (type png)
<use ../assets/camisa/costas1.png>
Package luatex.def Info: ../assets/camisa/costas1.png  used on input line 2317.

(luatex.def)             Requested size: 22.76228pt x 22.75952pt.
File: ../assets/camisa/costas1.png Graphic file (type png)
<use ../assets/camisa/costas1.png>
Package luatex.def Info: ../assets/camisa/costas1.png  used on input line 2318.

(luatex.def)             Requested size: 22.76228pt x 22.75952pt.


[29<./svg-inkscape/coritiba_svg-tex.pdf>]
Package svg Info: Last page of `./svg-inkscape/palestino_svg-tex.pdf' is 1 on i
nput line 2347.

(./svg-inkscape/palestino_svg-tex.pdf_tex
<./svg-inkscape/palestino_svg-tex.pdf, id=218, page=1, 125.08884pt x 140.84143p
t>
File: ./svg-inkscape/palestino_svg-tex.pdf Graphic file (type pdf)
<use ./svg-inkscape/palestino_svg-tex.pdf, page 1>
Package luatex.def Info: ./svg-inkscape/palestino_svg-tex.pdf , page1 used on i
nput line 56.
(luatex.def)             Requested size: 11.67108pt x 13.13937pt.
)
Package svg Info: Last page of `./svg-inkscape/gremio_svg-tex.pdf' is 1 on inpu
t line 2347.

(./svg-inkscape/gremio_svg-tex.pdf_tex
File: ./svg-inkscape/gremio_svg-tex.pdf Graphic file (type pdf)
<use ./svg-inkscape/gremio_svg-tex.pdf, page 1>
Package luatex.def Info: ./svg-inkscape/gremio_svg-tex.pdf , page1 used on inpu
t line 56.
(luatex.def)             Requested size: 13.13995pt x 13.13866pt.
)
File: ../assets/pitch/pitch.png Graphic file (type png)
<use ../assets/pitch/pitch.png>
Package luatex.def Info: ../assets/pitch/pitch.png  used on input line 2354.
(luatex.def)             Requested size: 256.0748pt x 384.09811pt.
File: ../assets/camisa/costas1.png Graphic file (type png)
<use ../assets/camisa/costas1.png>
Package luatex.def Info: ../assets/camisa/costas1.png  used on input line 2356.

(luatex.def)             Requested size: 34.14322pt x 34.1393pt.
File: ../assets/camisa/costas1.png Graphic file (type png)
<use ../assets/camisa/costas1.png>
Package luatex.def Info: ../assets/camisa/costas1.png  used on input line 2357.

(luatex.def)             Requested size: 34.14322pt x 34.1393pt.
File: ../assets/camisa/costas1.png Graphic file (type png)
<use ../assets/camisa/costas1.png>
Package luatex.def Info: ../assets/camisa/costas1.png  used on input line 2358.

(luatex.def)             Requested size: 34.14322pt x 34.1393pt.
File: ../assets/camisa/costas1.png Graphic file (type png)
<use ../assets/camisa/costas1.png>
Package luatex.def Info: ../assets/camisa/costas1.png  used on input line 2359.

(luatex.def)             Requested size: 34.14322pt x 34.1393pt.
File: ../assets/camisa/costas1.png Graphic file (type png)
<use ../assets/camisa/costas1.png>
Package luatex.def Info: ../assets/camisa/costas1.png  used on input line 2360.

(luatex.def)             Requested size: 34.14322pt x 34.1393pt.
File: ../assets/camisa/costas1.png Graphic file (type png)
<use ../assets/camisa/costas1.png>
Package luatex.def Info: ../assets/camisa/costas1.png  used on input line 2361.

(luatex.def)             Requested size: 34.14322pt x 34.1393pt.
File: ../assets/camisa/costas1.png Graphic file (type png)
<use ../assets/camisa/costas1.png>
Package luatex.def Info: ../assets/camisa/costas1.png  used on input line 2362.

(luatex.def)             Requested size: 34.14322pt x 34.1393pt.
File: ../assets/camisa/costas1.png Graphic file (type png)
<use ../assets/camisa/costas1.png>
Package luatex.def Info: ../assets/camisa/costas1.png  used on input line 2363.

(luatex.def)             Requested size: 34.14322pt x 34.1393pt.
File: ../assets/camisa/costas1.png Graphic file (type png)
<use ../assets/camisa/costas1.png>
Package luatex.def Info: ../assets/camisa/costas1.png  used on input line 2364.

(luatex.def)             Requested size: 34.14322pt x 34.1393pt.
File: ../assets/camisa/costas1.png Graphic file (type png)
<use ../assets/camisa/costas1.png>
Package luatex.def Info: ../assets/camisa/costas1.png  used on input line 2365.

(luatex.def)             Requested size: 34.14322pt x 34.1393pt.
File: ../assets/camisa/costas1.png Graphic file (type png)
<use ../assets/camisa/costas1.png>
Package luatex.def Info: ../assets/camisa/costas1.png  used on input line 2366.

(luatex.def)             Requested size: 34.14322pt x 34.1393pt.

Overfull \hbox (44.50333pt too wide) in paragraph at lines 2368--2369
[][]  
 []

File: ../assets/camisa/costas1.png Graphic file (type png)
<use ../assets/camisa/costas1.png>
Package luatex.def Info: ../assets/camisa/costas1.png  used on input line 2377.

(luatex.def)             Requested size: 22.76228pt x 22.75952pt.
File: ../assets/camisa/costas1.png Graphic file (type png)
<use ../assets/camisa/costas1.png>
Package luatex.def Info: ../assets/camisa/costas1.png  used on input line 2378.

(luatex.def)             Requested size: 22.76228pt x 22.75952pt.
File: ../assets/camisa/costas1.png Graphic file (type png)
<use ../assets/camisa/costas1.png>
Package luatex.def Info: ../assets/camisa/costas1.png  used on input line 2379.

(luatex.def)             Requested size: 22.76228pt x 22.75952pt.
File: ../assets/camisa/costas1.png Graphic file (type png)
<use ../assets/camisa/costas1.png>
Package luatex.def Info: ../assets/camisa/costas1.png  used on input line 2380.

(luatex.def)             Requested size: 22.76228pt x 22.75952pt.
File: ../assets/camisa/costas1.png Graphic file (type png)
<use ../assets/camisa/costas1.png>
Package luatex.def Info: ../assets/camisa/costas1.png  used on input line 2381.

(luatex.def)             Requested size: 22.76228pt x 22.75952pt.
File: ../assets/camisa/costas1.png Graphic file (type png)
<use ../assets/camisa/costas1.png>
Package luatex.def Info: ../assets/camisa/costas1.png  used on input line 2382.

(luatex.def)             Requested size: 22.76228pt x 22.75952pt.
File: ../assets/camisa/costas1.png Graphic file (type png)
<use ../assets/camisa/costas1.png>
Package luatex.def Info: ../assets/camisa/costas1.png  used on input line 2383.

(luatex.def)             Requested size: 22.76228pt x 22.75952pt.
File: ../assets/camisa/costas1.png Graphic file (type png)
<use ../assets/camisa/costas1.png>
Package luatex.def Info: ../assets/camisa/costas1.png  used on input line 2384.

(luatex.def)             Requested size: 22.76228pt x 22.75952pt.
File: ../assets/camisa/costas1.png Graphic file (type png)
<use ../assets/camisa/costas1.png>
Package luatex.def Info: ../assets/camisa/costas1.png  used on input line 2385.

(luatex.def)             Requested size: 22.76228pt x 22.75952pt.
File: ../assets/camisa/costas1.png Graphic file (type png)
<use ../assets/camisa/costas1.png>
Package luatex.def Info: ../assets/camisa/costas1.png  used on input line 2386.

(luatex.def)             Requested size: 22.76228pt x 22.75952pt.
File: ../assets/camisa/costas1.png Graphic file (type png)
<use ../assets/camisa/costas1.png>
Package luatex.def Info: ../assets/camisa/costas1.png  used on input line 2387.

(luatex.def)             Requested size: 22.76228pt x 22.75952pt.
File: ../assets/camisa/costas1.png Graphic file (type png)
<use ../assets/camisa/costas1.png>
Package luatex.def Info: ../assets/camisa/costas1.png  used on input line 2388.

(luatex.def)             Requested size: 22.76228pt x 22.75952pt.


[30<./svg-inkscape/palestino_svg-tex.pdf>]

! Package svg Error: File `athletico.svg' is missing.

See the svg package documentation for explanation.
Type  H <return>  for immediate help.
 ...                                              
                                                  
l.2421 ...\includesvg[height=1.2em]{escudos/gremio}}
                                                  \\
There's no file `athletico.svg'
in folder `escudos/'.

Package svg Info: Last page of `./svg-inkscape/gremio_svg-tex.pdf' is 1 on inpu
t line 2421.
(./svg-inkscape/gremio_svg-tex.pdf_tex
File: ./svg-inkscape/gremio_svg-tex.pdf Graphic file (type pdf)
<use ./svg-inkscape/gremio_svg-tex.pdf, page 1>
Package luatex.def Info: ./svg-inkscape/gremio_svg-tex.pdf , page1 used on inpu
t line 56.
(luatex.def)             Requested size: 13.13995pt x 13.13866pt.
)
File: ../assets/pitch/pitch.png Graphic file (type png)
<use ../assets/pitch/pitch.png>
Package luatex.def Info: ../assets/pitch/pitch.png  used on input line 2428.
(luatex.def)             Requested size: 256.0748pt x 384.09811pt.
File: ../assets/camisa/costas1.png Graphic file (type png)
<use ../assets/camisa/costas1.png>
Package luatex.def Info: ../assets/camisa/costas1.png  used on input line 2430.

(luatex.def)             Requested size: 34.14322pt x 34.1393pt.
File: ../assets/camisa/costas1.png Graphic file (type png)
<use ../assets/camisa/costas1.png>
Package luatex.def Info: ../assets/camisa/costas1.png  used on input line 2431.

(luatex.def)             Requested size: 34.14322pt x 34.1393pt.
File: ../assets/camisa/costas1.png Graphic file (type png)
<use ../assets/camisa/costas1.png>
Package luatex.def Info: ../assets/camisa/costas1.png  used on input line 2432.

(luatex.def)             Requested size: 34.14322pt x 34.1393pt.
File: ../assets/camisa/costas1.png Graphic file (type png)
<use ../assets/camisa/costas1.png>
Package luatex.def Info: ../assets/camisa/costas1.png  used on input line 2433.

(luatex.def)             Requested size: 34.14322pt x 34.1393pt.
File: ../assets/camisa/costas1.png Graphic file (type png)
<use ../assets/camisa/costas1.png>
Package luatex.def Info: ../assets/camisa/costas1.png  used on input line 2434.

(luatex.def)             Requested size: 34.14322pt x 34.1393pt.
File: ../assets/camisa/costas1.png Graphic file (type png)
<use ../assets/camisa/costas1.png>
Package luatex.def Info: ../assets/camisa/costas1.png  used on input line 2435.

(luatex.def)             Requested size: 34.14322pt x 34.1393pt.
File: ../assets/camisa/costas1.png Graphic file (type png)
<use ../assets/camisa/costas1.png>
Package luatex.def Info: ../assets/camisa/costas1.png  used on input line 2436.

(luatex.def)             Requested size: 34.14322pt x 34.1393pt.
File: ../assets/camisa/costas1.png Graphic file (type png)
<use ../assets/camisa/costas1.png>
Package luatex.def Info: ../assets/camisa/costas1.png  used on input line 2437.

(luatex.def)             Requested size: 34.14322pt x 34.1393pt.
File: ../assets/camisa/costas1.png Graphic file (type png)
<use ../assets/camisa/costas1.png>
Package luatex.def Info: ../assets/camisa/costas1.png  used on input line 2438.

(luatex.def)             Requested size: 34.14322pt x 34.1393pt.
File: ../assets/camisa/costas1.png Graphic file (type png)
<use ../assets/camisa/costas1.png>
Package luatex.def Info: ../assets/camisa/costas1.png  used on input line 2439.

(luatex.def)             Requested size: 34.14322pt x 34.1393pt.
File: ../assets/camisa/costas1.png Graphic file (type png)
<use ../assets/camisa/costas1.png>
Package luatex.def Info: ../assets/camisa/costas1.png  used on input line 2440.

(luatex.def)             Requested size: 34.14322pt x 34.1393pt.

Overfull \hbox (44.50333pt too wide) in paragraph at lines 2442--2443
[][]  
 []

File: ../assets/camisa/costas1.png Graphic file (type png)
<use ../assets/camisa/costas1.png>
Package luatex.def Info: ../assets/camisa/costas1.png  used on input line 2451.

(luatex.def)             Requested size: 22.76228pt x 22.75952pt.
File: ../assets/camisa/costas1.png Graphic file (type png)
<use ../assets/camisa/costas1.png>
Package luatex.def Info: ../assets/camisa/costas1.png  used on input line 2452.

(luatex.def)             Requested size: 22.76228pt x 22.75952pt.
File: ../assets/camisa/costas1.png Graphic file (type png)
<use ../assets/camisa/costas1.png>
Package luatex.def Info: ../assets/camisa/costas1.png  used on input line 2453.

(luatex.def)             Requested size: 22.76228pt x 22.75952pt.
File: ../assets/camisa/costas1.png Graphic file (type png)
<use ../assets/camisa/costas1.png>
Package luatex.def Info: ../assets/camisa/costas1.png  used on input line 2454.

(luatex.def)             Requested size: 22.76228pt x 22.75952pt.
File: ../assets/camisa/costas1.png Graphic file (type png)
<use ../assets/camisa/costas1.png>
Package luatex.def Info: ../assets/camisa/costas1.png  used on input line 2455.

(luatex.def)             Requested size: 22.76228pt x 22.75952pt.
File: ../assets/camisa/costas1.png Graphic file (type png)
<use ../assets/camisa/costas1.png>
Package luatex.def Info: ../assets/camisa/costas1.png  used on input line 2456.

(luatex.def)             Requested size: 22.76228pt x 22.75952pt.
File: ../assets/camisa/costas1.png Graphic file (type png)
<use ../assets/camisa/costas1.png>
Package luatex.def Info: ../assets/camisa/costas1.png  used on input line 2457.

(luatex.def)             Requested size: 22.76228pt x 22.75952pt.
File: ../assets/camisa/costas1.png Graphic file (type png)
<use ../assets/camisa/costas1.png>
Package luatex.def Info: ../assets/camisa/costas1.png  used on input line 2458.

(luatex.def)             Requested size: 22.76228pt x 22.75952pt.
File: ../assets/camisa/costas1.png Graphic file (type png)
<use ../assets/camisa/costas1.png>
Package luatex.def Info: ../assets/camisa/costas1.png  used on input line 2459.

(luatex.def)             Requested size: 22.76228pt x 22.75952pt.
File: ../assets/camisa/costas1.png Graphic file (type png)
<use ../assets/camisa/costas1.png>
Package luatex.def Info: ../assets/camisa/costas1.png  used on input line 2460.

(luatex.def)             Requested size: 22.76228pt x 22.75952pt.
File: ../assets/camisa/costas1.png Graphic file (type png)
<use ../assets/camisa/costas1.png>
Package luatex.def Info: ../assets/camisa/costas1.png  used on input line 2461.

(luatex.def)             Requested size: 22.76228pt x 22.75952pt.
File: ../assets/camisa/costas1.png Graphic file (type png)
<use ../assets/camisa/costas1.png>
Package luatex.def Info: ../assets/camisa/costas1.png  used on input line 2462.

(luatex.def)             Requested size: 22.76228pt x 22.75952pt.


[31]
Package svg Info: Last page of `./svg-inkscape/deportivo_riestra_svg-tex.pdf' i
s 1 on input line 2491.
 (./svg-inkscape/deportivo_riestra_svg-tex.pdf_tex
File: ./svg-inkscape/deportivo_riestra_svg-tex.pdf Graphic file (type pdf)
<use ./svg-inkscape/deportivo_riestra_svg-tex.pdf, page 1>
Package luatex.def Info: ./svg-inkscape/deportivo_riestra_svg-tex.pdf , page1 u
sed on input line 56.
(luatex.def)             Requested size: 11.37013pt x 13.13564pt.
)
Package svg Info: Last page of `./svg-inkscape/gremio_svg-tex.pdf' is 1 on inpu
t line 2491.

(./svg-inkscape/gremio_svg-tex.pdf_tex
File: ./svg-inkscape/gremio_svg-tex.pdf Graphic file (type pdf)
<use ./svg-inkscape/gremio_svg-tex.pdf, page 1>
Package luatex.def Info: ./svg-inkscape/gremio_svg-tex.pdf , page1 used on inpu
t line 56.
(luatex.def)             Requested size: 13.13995pt x 13.13866pt.
)
File: ../assets/pitch/pitch.png Graphic file (type png)
<use ../assets/pitch/pitch.png>
Package luatex.def Info: ../assets/pitch/pitch.png  used on input line 2498.
(luatex.def)             Requested size: 256.0748pt x 384.09811pt.
File: ../assets/camisa/costas1.png Graphic file (type png)
<use ../assets/camisa/costas1.png>
Package luatex.def Info: ../assets/camisa/costas1.png  used on input line 2500.

(luatex.def)             Requested size: 34.14322pt x 34.1393pt.
File: ../assets/camisa/costas1.png Graphic file (type png)
<use ../assets/camisa/costas1.png>
Package luatex.def Info: ../assets/camisa/costas1.png  used on input line 2501.

(luatex.def)             Requested size: 34.14322pt x 34.1393pt.
File: ../assets/camisa/costas1.png Graphic file (type png)
<use ../assets/camisa/costas1.png>
Package luatex.def Info: ../assets/camisa/costas1.png  used on input line 2502.

(luatex.def)             Requested size: 34.14322pt x 34.1393pt.
File: ../assets/camisa/costas1.png Graphic file (type png)
<use ../assets/camisa/costas1.png>
Package luatex.def Info: ../assets/camisa/costas1.png  used on input line 2503.

(luatex.def)             Requested size: 34.14322pt x 34.1393pt.
File: ../assets/camisa/costas1.png Graphic file (type png)
<use ../assets/camisa/costas1.png>
Package luatex.def Info: ../assets/camisa/costas1.png  used on input line 2504.

(luatex.def)             Requested size: 34.14322pt x 34.1393pt.
File: ../assets/camisa/costas1.png Graphic file (type png)
<use ../assets/camisa/costas1.png>
Package luatex.def Info: ../assets/camisa/costas1.png  used on input line 2505.

(luatex.def)             Requested size: 34.14322pt x 34.1393pt.
File: ../assets/camisa/costas1.png Graphic file (type png)
<use ../assets/camisa/costas1.png>
Package luatex.def Info: ../assets/camisa/costas1.png  used on input line 2506.

(luatex.def)             Requested size: 34.14322pt x 34.1393pt.
File: ../assets/camisa/costas1.png Graphic file (type png)
<use ../assets/camisa/costas1.png>
Package luatex.def Info: ../assets/camisa/costas1.png  used on input line 2507.

(luatex.def)             Requested size: 34.14322pt x 34.1393pt.
File: ../assets/camisa/costas1.png Graphic file (type png)
<use ../assets/camisa/costas1.png>
Package luatex.def Info: ../assets/camisa/costas1.png  used on input line 2508.

(luatex.def)             Requested size: 34.14322pt x 34.1393pt.
File: ../assets/camisa/costas1.png Graphic file (type png)
<use ../assets/camisa/costas1.png>
Package luatex.def Info: ../assets/camisa/costas1.png  used on input line 2509.

(luatex.def)             Requested size: 34.14322pt x 34.1393pt.
File: ../assets/camisa/costas1.png Graphic file (type png)
<use ../assets/camisa/costas1.png>
Package luatex.def Info: ../assets/camisa/costas1.png  used on input line 2510.

(luatex.def)             Requested size: 34.14322pt x 34.1393pt.

Overfull \hbox (44.50333pt too wide) in paragraph at lines 2512--2513
[][]  
 []

File: ../assets/camisa/costas1.png Graphic file (type png)
<use ../assets/camisa/costas1.png>
Package luatex.def Info: ../assets/camisa/costas1.png  used on input line 2521.

(luatex.def)             Requested size: 22.76228pt x 22.75952pt.
File: ../assets/camisa/costas1.png Graphic file (type png)
<use ../assets/camisa/costas1.png>
Package luatex.def Info: ../assets/camisa/costas1.png  used on input line 2522.

(luatex.def)             Requested size: 22.76228pt x 22.75952pt.
File: ../assets/camisa/costas1.png Graphic file (type png)
<use ../assets/camisa/costas1.png>
Package luatex.def Info: ../assets/camisa/costas1.png  used on input line 2523.

(luatex.def)             Requested size: 22.76228pt x 22.75952pt.
File: ../assets/camisa/costas1.png Graphic file (type png)
<use ../assets/camisa/costas1.png>
Package luatex.def Info: ../assets/camisa/costas1.png  used on input line 2524.

(luatex.def)             Requested size: 22.76228pt x 22.75952pt.
File: ../assets/camisa/costas1.png Graphic file (type png)
<use ../assets/camisa/costas1.png>
Package luatex.def Info: ../assets/camisa/costas1.png  used on input line 2525.

(luatex.def)             Requested size: 22.76228pt x 22.75952pt.
File: ../assets/camisa/costas1.png Graphic file (type png)
<use ../assets/camisa/costas1.png>
Package luatex.def Info: ../assets/camisa/costas1.png  used on input line 2526.

(luatex.def)             Requested size: 22.76228pt x 22.75952pt.
File: ../assets/camisa/costas1.png Graphic file (type png)
<use ../assets/camisa/costas1.png>
Package luatex.def Info: ../assets/camisa/costas1.png  used on input line 2527.

(luatex.def)             Requested size: 22.76228pt x 22.75952pt.
File: ../assets/camisa/costas1.png Graphic file (type png)
<use ../assets/camisa/costas1.png>
Package luatex.def Info: ../assets/camisa/costas1.png  used on input line 2528.

(luatex.def)             Requested size: 22.76228pt x 22.75952pt.
File: ../assets/camisa/costas1.png Graphic file (type png)
<use ../assets/camisa/costas1.png>
Package luatex.def Info: ../assets/camisa/costas1.png  used on input line 2529.

(luatex.def)             Requested size: 22.76228pt x 22.75952pt.
File: ../assets/camisa/costas1.png Graphic file (type png)
<use ../assets/camisa/costas1.png>
Package luatex.def Info: ../assets/camisa/costas1.png  used on input line 2530.

(luatex.def)             Requested size: 22.76228pt x 22.75952pt.
File: ../assets/camisa/costas1.png Graphic file (type png)
<use ../assets/camisa/costas1.png>
Package luatex.def Info: ../assets/camisa/costas1.png  used on input line 2531.

(luatex.def)             Requested size: 22.76228pt x 22.75952pt.
File: ../assets/camisa/costas1.png Graphic file (type png)
<use ../assets/camisa/costas1.png>
Package luatex.def Info: ../assets/camisa/costas1.png  used on input line 2532.

(luatex.def)             Requested size: 22.76228pt x 22.75952pt.


[32]
Package svg Info: Last page of `./svg-inkscape/gremio_svg-tex.pdf' is 1 on inpu
t line 2565.
 (./svg-inkscape/gremio_svg-tex.pdf_tex
File: ./svg-inkscape/gremio_svg-tex.pdf Graphic file (type pdf)
<use ./svg-inkscape/gremio_svg-tex.pdf, page 1>
Package luatex.def Info: ./svg-inkscape/gremio_svg-tex.pdf , page1 used on inpu
t line 56.
(luatex.def)             Requested size: 13.13995pt x 13.13866pt.
)
Package svg Info: Last page of `./svg-inkscape/flamengo_svg-tex.pdf' is 1 on in
put line 2565.

(./svg-inkscape/flamengo_svg-tex.pdf_tex
<./svg-inkscape/flamengo_svg-tex.pdf, id=244, page=1, 303.38344pt x 376.40625pt
>
File: ./svg-inkscape/flamengo_svg-tex.pdf Graphic file (type pdf)
<use ./svg-inkscape/flamengo_svg-tex.pdf, page 1>
Package luatex.def Info: ./svg-inkscape/flamengo_svg-tex.pdf , page1 used on in
put line 56.
(luatex.def)             Requested size: 10.5916pt x 13.13535pt.
)
File: ../assets/pitch/pitch.png Graphic file (type png)
<use ../assets/pitch/pitch.png>
Package luatex.def Info: ../assets/pitch/pitch.png  used on input line 2572.
(luatex.def)             Requested size: 256.0748pt x 384.09811pt.
File: ../assets/camisa/costas1.png Graphic file (type png)
<use ../assets/camisa/costas1.png>
Package luatex.def Info: ../assets/camisa/costas1.png  used on input line 2574.

(luatex.def)             Requested size: 34.14322pt x 34.1393pt.
File: ../assets/camisa/costas1.png Graphic file (type png)
<use ../assets/camisa/costas1.png>
Package luatex.def Info: ../assets/camisa/costas1.png  used on input line 2575.

(luatex.def)             Requested size: 34.14322pt x 34.1393pt.
File: ../assets/camisa/costas1.png Graphic file (type png)
<use ../assets/camisa/costas1.png>
Package luatex.def Info: ../assets/camisa/costas1.png  used on input line 2576.

(luatex.def)             Requested size: 34.14322pt x 34.1393pt.
File: ../assets/camisa/costas1.png Graphic file (type png)
<use ../assets/camisa/costas1.png>
Package luatex.def Info: ../assets/camisa/costas1.png  used on input line 2577.

(luatex.def)             Requested size: 34.14322pt x 34.1393pt.
File: ../assets/camisa/costas1.png Graphic file (type png)
<use ../assets/camisa/costas1.png>
Package luatex.def Info: ../assets/camisa/costas1.png  used on input line 2578.

(luatex.def)             Requested size: 34.14322pt x 34.1393pt.
File: ../assets/camisa/costas1.png Graphic file (type png)
<use ../assets/camisa/costas1.png>
Package luatex.def Info: ../assets/camisa/costas1.png  used on input line 2579.

(luatex.def)             Requested size: 34.14322pt x 34.1393pt.
File: ../assets/camisa/costas1.png Graphic file (type png)
<use ../assets/camisa/costas1.png>
Package luatex.def Info: ../assets/camisa/costas1.png  used on input line 2580.

(luatex.def)             Requested size: 34.14322pt x 34.1393pt.
File: ../assets/camisa/costas1.png Graphic file (type png)
<use ../assets/camisa/costas1.png>
Package luatex.def Info: ../assets/camisa/costas1.png  used on input line 2581.

(luatex.def)             Requested size: 34.14322pt x 34.1393pt.
File: ../assets/camisa/costas1.png Graphic file (type png)
<use ../assets/camisa/costas1.png>
Package luatex.def Info: ../assets/camisa/costas1.png  used on input line 2582.

(luatex.def)             Requested size: 34.14322pt x 34.1393pt.
File: ../assets/camisa/costas1.png Graphic file (type png)
<use ../assets/camisa/costas1.png>
Package luatex.def Info: ../assets/camisa/costas1.png  used on input line 2583.

(luatex.def)             Requested size: 34.14322pt x 34.1393pt.
File: ../assets/camisa/costas1.png Graphic file (type png)
<use ../assets/camisa/costas1.png>
Package luatex.def Info: ../assets/camisa/costas1.png  used on input line 2584.

(luatex.def)             Requested size: 34.14322pt x 34.1393pt.

Overfull \hbox (44.50333pt too wide) in paragraph at lines 2586--2587
[][]  
 []

File: ../assets/camisa/costas1.png Graphic file (type png)
<use ../assets/camisa/costas1.png>
Package luatex.def Info: ../assets/camisa/costas1.png  used on input line 2595.

(luatex.def)             Requested size: 22.76228pt x 22.75952pt.
File: ../assets/camisa/costas1.png Graphic file (type png)
<use ../assets/camisa/costas1.png>
Package luatex.def Info: ../assets/camisa/costas1.png  used on input line 2596.

(luatex.def)             Requested size: 22.76228pt x 22.75952pt.
File: ../assets/camisa/costas1.png Graphic file (type png)
<use ../assets/camisa/costas1.png>
Package luatex.def Info: ../assets/camisa/costas1.png  used on input line 2597.

(luatex.def)             Requested size: 22.76228pt x 22.75952pt.
File: ../assets/camisa/costas1.png Graphic file (type png)
<use ../assets/camisa/costas1.png>
Package luatex.def Info: ../assets/camisa/costas1.png  used on input line 2598.

(luatex.def)             Requested size: 22.76228pt x 22.75952pt.
File: ../assets/camisa/costas1.png Graphic file (type png)
<use ../assets/camisa/costas1.png>
Package luatex.def Info: ../assets/camisa/costas1.png  used on input line 2599.

(luatex.def)             Requested size: 22.76228pt x 22.75952pt.
File: ../assets/camisa/costas1.png Graphic file (type png)
<use ../assets/camisa/costas1.png>
Package luatex.def Info: ../assets/camisa/costas1.png  used on input line 2600.

(luatex.def)             Requested size: 22.76228pt x 22.75952pt.
File: ../assets/camisa/costas1.png Graphic file (type png)
<use ../assets/camisa/costas1.png>
Package luatex.def Info: ../assets/camisa/costas1.png  used on input line 2601.

(luatex.def)             Requested size: 22.76228pt x 22.75952pt.
File: ../assets/camisa/costas1.png Graphic file (type png)
<use ../assets/camisa/costas1.png>
Package luatex.def Info: ../assets/camisa/costas1.png  used on input line 2602.

(luatex.def)             Requested size: 22.76228pt x 22.75952pt.
File: ../assets/camisa/costas1.png Graphic file (type png)
<use ../assets/camisa/costas1.png>
Package luatex.def Info: ../assets/camisa/costas1.png  used on input line 2603.

(luatex.def)             Requested size: 22.76228pt x 22.75952pt.
File: ../assets/camisa/costas1.png Graphic file (type png)
<use ../assets/camisa/costas1.png>
Package luatex.def Info: ../assets/camisa/costas1.png  used on input line 2604.

(luatex.def)             Requested size: 22.76228pt x 22.75952pt.
File: ../assets/camisa/costas1.png Graphic file (type png)
<use ../assets/camisa/costas1.png>
Package luatex.def Info: ../assets/camisa/costas1.png  used on input line 2605.

(luatex.def)             Requested size: 22.76228pt x 22.75952pt.
File: ../assets/camisa/costas1.png Graphic file (type png)
<use ../assets/camisa/costas1.png>
Package luatex.def Info: ../assets/camisa/costas1.png  used on input line 2606.

(luatex.def)             Requested size: 22.76228pt x 22.75952pt.

Overfull \hbox (13.54901pt too wide) in paragraph at lines 2591--2608
[]  
 []



[33<./svg-inkscape/flamengo_svg-tex.pdf>]
Package svg Info: Last page of `./svg-inkscape/confianca_svg-tex.pdf' is 1 on i
nput line 2644.

(./svg-inkscape/confianca_svg-tex.pdf_tex
File: ./svg-inkscape/confianca_svg-tex.pdf Graphic file (type pdf)
<use ./svg-inkscape/confianca_svg-tex.pdf, page 1>
Package luatex.def Info: ./svg-inkscape/confianca_svg-tex.pdf , page1 used on i
nput line 56.
(luatex.def)             Requested size: 13.14316pt x 13.13719pt.
)
Package svg Info: Last page of `./svg-inkscape/gremio_svg-tex.pdf' is 1 on inpu
t line 2644.

(./svg-inkscape/gremio_svg-tex.pdf_tex
File: ./svg-inkscape/gremio_svg-tex.pdf Graphic file (type pdf)
<use ./svg-inkscape/gremio_svg-tex.pdf, page 1>
Package luatex.def Info: ./svg-inkscape/gremio_svg-tex.pdf , page1 used on inpu
t line 56.
(luatex.def)             Requested size: 13.13995pt x 13.13866pt.
)
File: ../assets/pitch/pitch.png Graphic file (type png)
<use ../assets/pitch/pitch.png>
Package luatex.def Info: ../assets/pitch/pitch.png  used on input line 2651.
(luatex.def)             Requested size: 256.0748pt x 384.09811pt.
File: ../assets/camisa/costas1.png Graphic file (type png)
<use ../assets/camisa/costas1.png>
Package luatex.def Info: ../assets/camisa/costas1.png  used on input line 2653.

(luatex.def)             Requested size: 34.14322pt x 34.1393pt.
File: ../assets/camisa/costas1.png Graphic file (type png)
<use ../assets/camisa/costas1.png>
Package luatex.def Info: ../assets/camisa/costas1.png  used on input line 2654.

(luatex.def)             Requested size: 34.14322pt x 34.1393pt.
File: ../assets/camisa/costas1.png Graphic file (type png)
<use ../assets/camisa/costas1.png>
Package luatex.def Info: ../assets/camisa/costas1.png  used on input line 2655.

(luatex.def)             Requested size: 34.14322pt x 34.1393pt.
File: ../assets/camisa/costas1.png Graphic file (type png)
<use ../assets/camisa/costas1.png>
Package luatex.def Info: ../assets/camisa/costas1.png  used on input line 2656.

(luatex.def)             Requested size: 34.14322pt x 34.1393pt.
File: ../assets/camisa/costas1.png Graphic file (type png)
<use ../assets/camisa/costas1.png>
Package luatex.def Info: ../assets/camisa/costas1.png  used on input line 2657.

(luatex.def)             Requested size: 34.14322pt x 34.1393pt.
File: ../assets/camisa/costas1.png Graphic file (type png)
<use ../assets/camisa/costas1.png>
Package luatex.def Info: ../assets/camisa/costas1.png  used on input line 2658.

(luatex.def)             Requested size: 34.14322pt x 34.1393pt.
File: ../assets/camisa/costas1.png Graphic file (type png)
<use ../assets/camisa/costas1.png>
Package luatex.def Info: ../assets/camisa/costas1.png  used on input line 2659.

(luatex.def)             Requested size: 34.14322pt x 34.1393pt.
File: ../assets/camisa/costas1.png Graphic file (type png)
<use ../assets/camisa/costas1.png>
Package luatex.def Info: ../assets/camisa/costas1.png  used on input line 2660.

(luatex.def)             Requested size: 34.14322pt x 34.1393pt.
File: ../assets/camisa/costas1.png Graphic file (type png)
<use ../assets/camisa/costas1.png>
Package luatex.def Info: ../assets/camisa/costas1.png  used on input line 2661.

(luatex.def)             Requested size: 34.14322pt x 34.1393pt.
File: ../assets/camisa/costas1.png Graphic file (type png)
<use ../assets/camisa/costas1.png>
Package luatex.def Info: ../assets/camisa/costas1.png  used on input line 2662.

(luatex.def)             Requested size: 34.14322pt x 34.1393pt.
File: ../assets/camisa/costas1.png Graphic file (type png)
<use ../assets/camisa/costas1.png>
Package luatex.def Info: ../assets/camisa/costas1.png  used on input line 2663.

(luatex.def)             Requested size: 34.14322pt x 34.1393pt.

Overfull \hbox (44.50333pt too wide) in paragraph at lines 2665--2666
[][]  
 []



[34]
Package svg Info: Last page of `./svg-inkscape/bahia_svg-tex.pdf' is 1 on input
 line 2706.
 (./svg-inkscape/bahia_svg-tex.pdf_tex
<./svg-inkscape/bahia_svg-tex.pdf, id=260, page=1, 132.19388pt x 132.34444pt>
File: ./svg-inkscape/bahia_svg-tex.pdf Graphic file (type pdf)
<use ./svg-inkscape/bahia_svg-tex.pdf, page 1>
Package luatex.def Info: ./svg-inkscape/bahia_svg-tex.pdf , page1 used on input
 line 56.
(luatex.def)             Requested size: 13.1255pt x 13.1403pt.
)
Package svg Info: Last page of `./svg-inkscape/gremio_svg-tex.pdf' is 1 on inpu
t line 2706.

(./svg-inkscape/gremio_svg-tex.pdf_tex
File: ./svg-inkscape/gremio_svg-tex.pdf Graphic file (type pdf)
<use ./svg-inkscape/gremio_svg-tex.pdf, page 1>
Package luatex.def Info: ./svg-inkscape/gremio_svg-tex.pdf , page1 used on inpu
t line 56.
(luatex.def)             Requested size: 13.13995pt x 13.13866pt.
)
File: ../assets/pitch/pitch.png Graphic file (type png)
<use ../assets/pitch/pitch.png>
Package luatex.def Info: ../assets/pitch/pitch.png  used on input line 2713.
(luatex.def)             Requested size: 256.0748pt x 384.09811pt.
File: ../assets/camisa/costas1.png Graphic file (type png)
<use ../assets/camisa/costas1.png>
Package luatex.def Info: ../assets/camisa/costas1.png  used on input line 2715.

(luatex.def)             Requested size: 34.14322pt x 34.1393pt.
File: ../assets/camisa/costas1.png Graphic file (type png)
<use ../assets/camisa/costas1.png>
Package luatex.def Info: ../assets/camisa/costas1.png  used on input line 2716.

(luatex.def)             Requested size: 34.14322pt x 34.1393pt.
File: ../assets/camisa/costas1.png Graphic file (type png)
<use ../assets/camisa/costas1.png>
Package luatex.def Info: ../assets/camisa/costas1.png  used on input line 2717.

(luatex.def)             Requested size: 34.14322pt x 34.1393pt.
File: ../assets/camisa/costas1.png Graphic file (type png)
<use ../assets/camisa/costas1.png>
Package luatex.def Info: ../assets/camisa/costas1.png  used on input line 2718.

(luatex.def)             Requested size: 34.14322pt x 34.1393pt.
File: ../assets/camisa/costas1.png Graphic file (type png)
<use ../assets/camisa/costas1.png>
Package luatex.def Info: ../assets/camisa/costas1.png  used on input line 2719.

(luatex.def)             Requested size: 34.14322pt x 34.1393pt.
File: ../assets/camisa/costas1.png Graphic file (type png)
<use ../assets/camisa/costas1.png>
Package luatex.def Info: ../assets/camisa/costas1.png  used on input line 2720.

(luatex.def)             Requested size: 34.14322pt x 34.1393pt.
File: ../assets/camisa/costas1.png Graphic file (type png)
<use ../assets/camisa/costas1.png>
Package luatex.def Info: ../assets/camisa/costas1.png  used on input line 2721.

(luatex.def)             Requested size: 34.14322pt x 34.1393pt.
File: ../assets/camisa/costas1.png Graphic file (type png)
<use ../assets/camisa/costas1.png>
Package luatex.def Info: ../assets/camisa/costas1.png  used on input line 2722.

(luatex.def)             Requested size: 34.14322pt x 34.1393pt.
File: ../assets/camisa/costas1.png Graphic file (type png)
<use ../assets/camisa/costas1.png>
Package luatex.def Info: ../assets/camisa/costas1.png  used on input line 2723.

(luatex.def)             Requested size: 34.14322pt x 34.1393pt.
File: ../assets/camisa/costas1.png Graphic file (type png)
<use ../assets/camisa/costas1.png>
Package luatex.def Info: ../assets/camisa/costas1.png  used on input line 2724.

(luatex.def)             Requested size: 34.14322pt x 34.1393pt.
File: ../assets/camisa/costas1.png Graphic file (type png)
<use ../assets/camisa/costas1.png>
Package luatex.def Info: ../assets/camisa/costas1.png  used on input line 2725.

(luatex.def)             Requested size: 34.14322pt x 34.1393pt.

Overfull \hbox (44.50333pt too wide) in paragraph at lines 2727--2728
[][]  
 []

File: ../assets/camisa/costas1.png Graphic file (type png)
<use ../assets/camisa/costas1.png>
Package luatex.def Info: ../assets/camisa/costas1.png  used on input line 2736.

(luatex.def)             Requested size: 22.76228pt x 22.75952pt.
File: ../assets/camisa/costas1.png Graphic file (type png)
<use ../assets/camisa/costas1.png>
Package luatex.def Info: ../assets/camisa/costas1.png  used on input line 2737.

(luatex.def)             Requested size: 22.76228pt x 22.75952pt.
File: ../assets/camisa/costas1.png Graphic file (type png)
<use ../assets/camisa/costas1.png>
Package luatex.def Info: ../assets/camisa/costas1.png  used on input line 2738.

(luatex.def)             Requested size: 22.76228pt x 22.75952pt.
File: ../assets/camisa/costas1.png Graphic file (type png)
<use ../assets/camisa/costas1.png>
Package luatex.def Info: ../assets/camisa/costas1.png  used on input line 2739.

(luatex.def)             Requested size: 22.76228pt x 22.75952pt.
File: ../assets/camisa/costas1.png Graphic file (type png)
<use ../assets/camisa/costas1.png>
Package luatex.def Info: ../assets/camisa/costas1.png  used on input line 2740.

(luatex.def)             Requested size: 22.76228pt x 22.75952pt.
File: ../assets/camisa/costas1.png Graphic file (type png)
<use ../assets/camisa/costas1.png>
Package luatex.def Info: ../assets/camisa/costas1.png  used on input line 2741.

(luatex.def)             Requested size: 22.76228pt x 22.75952pt.
File: ../assets/camisa/costas1.png Graphic file (type png)
<use ../assets/camisa/costas1.png>
Package luatex.def Info: ../assets/camisa/costas1.png  used on input line 2742.

(luatex.def)             Requested size: 22.76228pt x 22.75952pt.
File: ../assets/camisa/costas1.png Graphic file (type png)
<use ../assets/camisa/costas1.png>
Package luatex.def Info: ../assets/camisa/costas1.png  used on input line 2743.

(luatex.def)             Requested size: 22.76228pt x 22.75952pt.
File: ../assets/camisa/costas1.png Graphic file (type png)
<use ../assets/camisa/costas1.png>
Package luatex.def Info: ../assets/camisa/costas1.png  used on input line 2744.

(luatex.def)             Requested size: 22.76228pt x 22.75952pt.
File: ../assets/camisa/costas1.png Graphic file (type png)
<use ../assets/camisa/costas1.png>
Package luatex.def Info: ../assets/camisa/costas1.png  used on input line 2745.

(luatex.def)             Requested size: 22.76228pt x 22.75952pt.
File: ../assets/camisa/costas1.png Graphic file (type png)
<use ../assets/camisa/costas1.png>
Package luatex.def Info: ../assets/camisa/costas1.png  used on input line 2746.

(luatex.def)             Requested size: 22.76228pt x 22.75952pt.
File: ../assets/camisa/costas1.png Graphic file (type png)
<use ../assets/camisa/costas1.png>
Package luatex.def Info: ../assets/camisa/costas1.png  used on input line 2747.

(luatex.def)             Requested size: 22.76228pt x 22.75952pt.

Overfull \hbox (13.54901pt too wide) in paragraph at lines 2732--2749
[]  
 []



[35<./svg-inkscape/bahia_svg-tex.pdf>]
Package svg Info: Last page of `./svg-inkscape/gremio_svg-tex.pdf' is 1 on inpu
t line 2776.
 (./svg-inkscape/gremio_svg-tex.pdf_tex
File: ./svg-inkscape/gremio_svg-tex.pdf Graphic file (type pdf)
<use ./svg-inkscape/gremio_svg-tex.pdf, page 1>
Package luatex.def Info: ./svg-inkscape/gremio_svg-tex.pdf , page1 used on inpu
t line 56.
(luatex.def)             Requested size: 13.13995pt x 13.13866pt.
)
Package svg Info: Last page of `./svg-inkscape/palestino_svg-tex.pdf' is 1 on i
nput line 2776.

(./svg-inkscape/palestino_svg-tex.pdf_tex
File: ./svg-inkscape/palestino_svg-tex.pdf Graphic file (type pdf)
<use ./svg-inkscape/palestino_svg-tex.pdf, page 1>
Package luatex.def Info: ./svg-inkscape/palestino_svg-tex.pdf , page1 used on i
nput line 56.
(luatex.def)             Requested size: 11.67108pt x 13.13937pt.
)
File: ../assets/pitch/pitch.png Graphic file (type png)
<use ../assets/pitch/pitch.png>
Package luatex.def Info: ../assets/pitch/pitch.png  used on input line 2783.
(luatex.def)             Requested size: 256.0748pt x 384.09811pt.
File: ../assets/camisa/costas1.png Graphic file (type png)
<use ../assets/camisa/costas1.png>
Package luatex.def Info: ../assets/camisa/costas1.png  used on input line 2785.

(luatex.def)             Requested size: 34.14322pt x 34.1393pt.
File: ../assets/camisa/costas1.png Graphic file (type png)
<use ../assets/camisa/costas1.png>
Package luatex.def Info: ../assets/camisa/costas1.png  used on input line 2786.

(luatex.def)             Requested size: 34.14322pt x 34.1393pt.
File: ../assets/camisa/costas1.png Graphic file (type png)
<use ../assets/camisa/costas1.png>
Package luatex.def Info: ../assets/camisa/costas1.png  used on input line 2787.

(luatex.def)             Requested size: 34.14322pt x 34.1393pt.
File: ../assets/camisa/costas1.png Graphic file (type png)
<use ../assets/camisa/costas1.png>
Package luatex.def Info: ../assets/camisa/costas1.png  used on input line 2788.

(luatex.def)             Requested size: 34.14322pt x 34.1393pt.
File: ../assets/camisa/costas1.png Graphic file (type png)
<use ../assets/camisa/costas1.png>
Package luatex.def Info: ../assets/camisa/costas1.png  used on input line 2789.

(luatex.def)             Requested size: 34.14322pt x 34.1393pt.
File: ../assets/camisa/costas1.png Graphic file (type png)
<use ../assets/camisa/costas1.png>
Package luatex.def Info: ../assets/camisa/costas1.png  used on input line 2790.

(luatex.def)             Requested size: 34.14322pt x 34.1393pt.
File: ../assets/camisa/costas1.png Graphic file (type png)
<use ../assets/camisa/costas1.png>
Package luatex.def Info: ../assets/camisa/costas1.png  used on input line 2791.

(luatex.def)             Requested size: 34.14322pt x 34.1393pt.
File: ../assets/camisa/costas1.png Graphic file (type png)
<use ../assets/camisa/costas1.png>
Package luatex.def Info: ../assets/camisa/costas1.png  used on input line 2792.

(luatex.def)             Requested size: 34.14322pt x 34.1393pt.
File: ../assets/camisa/costas1.png Graphic file (type png)
<use ../assets/camisa/costas1.png>
Package luatex.def Info: ../assets/camisa/costas1.png  used on input line 2793.

(luatex.def)             Requested size: 34.14322pt x 34.1393pt.
File: ../assets/camisa/costas1.png Graphic file (type png)
<use ../assets/camisa/costas1.png>
Package luatex.def Info: ../assets/camisa/costas1.png  used on input line 2794.

(luatex.def)             Requested size: 34.14322pt x 34.1393pt.
File: ../assets/camisa/costas1.png Graphic file (type png)
<use ../assets/camisa/costas1.png>
Package luatex.def Info: ../assets/camisa/costas1.png  used on input line 2795.

(luatex.def)             Requested size: 34.14322pt x 34.1393pt.

Overfull \hbox (44.50333pt too wide) in paragraph at lines 2797--2798
[][]  
 []



[36]
Package svg Info: Last page of `./svg-inkscape/gremio_svg-tex.pdf' is 1 on inpu
t line 2832.
 (./svg-inkscape/gremio_svg-tex.pdf_tex
File: ./svg-inkscape/gremio_svg-tex.pdf Graphic file (type pdf)
<use ./svg-inkscape/gremio_svg-tex.pdf, page 1>
Package luatex.def Info: ./svg-inkscape/gremio_svg-tex.pdf , page1 used on inpu
t line 56.
(luatex.def)             Requested size: 13.13995pt x 13.13866pt.
)
Package svg Info: Last page of `./svg-inkscape/santos_svg-tex.pdf' is 1 on inpu
t line 2832.

(./svg-inkscape/santos_svg-tex.pdf_tex
<./svg-inkscape/santos_svg-tex.pdf, id=278, page=1, 435.84521pt x 427.069pt>
File: ./svg-inkscape/santos_svg-tex.pdf Graphic file (type pdf)
<use ./svg-inkscape/santos_svg-tex.pdf, page 1>
Package luatex.def Info: ./svg-inkscape/santos_svg-tex.pdf , page1 used on inpu
t line 56.
(luatex.def)             Requested size: 13.41002pt x 13.13734pt.
)
File: ../assets/pitch/pitch.png Graphic file (type png)
<use ../assets/pitch/pitch.png>
Package luatex.def Info: ../assets/pitch/pitch.png  used on input line 2839.
(luatex.def)             Requested size: 256.0748pt x 384.09811pt.
File: ../assets/camisa/costas1.png Graphic file (type png)
<use ../assets/camisa/costas1.png>
Package luatex.def Info: ../assets/camisa/costas1.png  used on input line 2841.

(luatex.def)             Requested size: 34.14322pt x 34.1393pt.
File: ../assets/camisa/costas1.png Graphic file (type png)
<use ../assets/camisa/costas1.png>
Package luatex.def Info: ../assets/camisa/costas1.png  used on input line 2842.

(luatex.def)             Requested size: 34.14322pt x 34.1393pt.
File: ../assets/camisa/costas1.png Graphic file (type png)
<use ../assets/camisa/costas1.png>
Package luatex.def Info: ../assets/camisa/costas1.png  used on input line 2843.

(luatex.def)             Requested size: 34.14322pt x 34.1393pt.
File: ../assets/camisa/costas1.png Graphic file (type png)
<use ../assets/camisa/costas1.png>
Package luatex.def Info: ../assets/camisa/costas1.png  used on input line 2844.

(luatex.def)             Requested size: 34.14322pt x 34.1393pt.
File: ../assets/camisa/costas1.png Graphic file (type png)
<use ../assets/camisa/costas1.png>
Package luatex.def Info: ../assets/camisa/costas1.png  used on input line 2845.

(luatex.def)             Requested size: 34.14322pt x 34.1393pt.
File: ../assets/camisa/costas1.png Graphic file (type png)
<use ../assets/camisa/costas1.png>
Package luatex.def Info: ../assets/camisa/costas1.png  used on input line 2846.

(luatex.def)             Requested size: 34.14322pt x 34.1393pt.
File: ../assets/camisa/costas1.png Graphic file (type png)
<use ../assets/camisa/costas1.png>
Package luatex.def Info: ../assets/camisa/costas1.png  used on input line 2847.

(luatex.def)             Requested size: 34.14322pt x 34.1393pt.
File: ../assets/camisa/costas1.png Graphic file (type png)
<use ../assets/camisa/costas1.png>
Package luatex.def Info: ../assets/camisa/costas1.png  used on input line 2848.

(luatex.def)             Requested size: 34.14322pt x 34.1393pt.
File: ../assets/camisa/costas1.png Graphic file (type png)
<use ../assets/camisa/costas1.png>
Package luatex.def Info: ../assets/camisa/costas1.png  used on input line 2849.

(luatex.def)             Requested size: 34.14322pt x 34.1393pt.
File: ../assets/camisa/costas1.png Graphic file (type png)
<use ../assets/camisa/costas1.png>
Package luatex.def Info: ../assets/camisa/costas1.png  used on input line 2850.

(luatex.def)             Requested size: 34.14322pt x 34.1393pt.
File: ../assets/camisa/costas1.png Graphic file (type png)
<use ../assets/camisa/costas1.png>
Package luatex.def Info: ../assets/camisa/costas1.png  used on input line 2851.

(luatex.def)             Requested size: 34.14322pt x 34.1393pt.

Overfull \hbox (44.50333pt too wide) in paragraph at lines 2853--2854
[][]  
 []

File: ../assets/camisa/costas1.png Graphic file (type png)
<use ../assets/camisa/costas1.png>
Package luatex.def Info: ../assets/camisa/costas1.png  used on input line 2862.

(luatex.def)             Requested size: 22.76228pt x 22.75952pt.
File: ../assets/camisa/costas1.png Graphic file (type png)
<use ../assets/camisa/costas1.png>
Package luatex.def Info: ../assets/camisa/costas1.png  used on input line 2863.

(luatex.def)             Requested size: 22.76228pt x 22.75952pt.
File: ../assets/camisa/costas1.png Graphic file (type png)
<use ../assets/camisa/costas1.png>
Package luatex.def Info: ../assets/camisa/costas1.png  used on input line 2864.

(luatex.def)             Requested size: 22.76228pt x 22.75952pt.
File: ../assets/camisa/costas1.png Graphic file (type png)
<use ../assets/camisa/costas1.png>
Package luatex.def Info: ../assets/camisa/costas1.png  used on input line 2865.

(luatex.def)             Requested size: 22.76228pt x 22.75952pt.
File: ../assets/camisa/costas1.png Graphic file (type png)
<use ../assets/camisa/costas1.png>
Package luatex.def Info: ../assets/camisa/costas1.png  used on input line 2866.

(luatex.def)             Requested size: 22.76228pt x 22.75952pt.
File: ../assets/camisa/costas1.png Graphic file (type png)
<use ../assets/camisa/costas1.png>
Package luatex.def Info: ../assets/camisa/costas1.png  used on input line 2867.

(luatex.def)             Requested size: 22.76228pt x 22.75952pt.
File: ../assets/camisa/costas1.png Graphic file (type png)
<use ../assets/camisa/costas1.png>
Package luatex.def Info: ../assets/camisa/costas1.png  used on input line 2868.

(luatex.def)             Requested size: 22.76228pt x 22.75952pt.
File: ../assets/camisa/costas1.png Graphic file (type png)
<use ../assets/camisa/costas1.png>
Package luatex.def Info: ../assets/camisa/costas1.png  used on input line 2869.

(luatex.def)             Requested size: 22.76228pt x 22.75952pt.
File: ../assets/camisa/costas1.png Graphic file (type png)
<use ../assets/camisa/costas1.png>
Package luatex.def Info: ../assets/camisa/costas1.png  used on input line 2870.

(luatex.def)             Requested size: 22.76228pt x 22.75952pt.
File: ../assets/camisa/costas1.png Graphic file (type png)
<use ../assets/camisa/costas1.png>
Package luatex.def Info: ../assets/camisa/costas1.png  used on input line 2871.

(luatex.def)             Requested size: 22.76228pt x 22.75952pt.
File: ../assets/camisa/costas1.png Graphic file (type png)
<use ../assets/camisa/costas1.png>
Package luatex.def Info: ../assets/camisa/costas1.png  used on input line 2872.

(luatex.def)             Requested size: 22.76228pt x 22.75952pt.
File: ../assets/camisa/costas1.png Graphic file (type png)
<use ../assets/camisa/costas1.png>
Package luatex.def Info: ../assets/camisa/costas1.png  used on input line 2873.

(luatex.def)             Requested size: 22.76228pt x 22.75952pt.

Overfull \hbox (13.54901pt too wide) in paragraph at lines 2858--2875
[]  
 []



[37<./svg-inkscape/santos_svg-tex.pdf>]
Package svg Info: Last page of `./svg-inkscape/gremio_svg-tex.pdf' is 1 on inpu
t line 2912.
 (./svg-inkscape/gremio_svg-tex.pdf_tex
File: ./svg-inkscape/gremio_svg-tex.pdf Graphic file (type pdf)
<use ./svg-inkscape/gremio_svg-tex.pdf, page 1>
Package luatex.def Info: ./svg-inkscape/gremio_svg-tex.pdf , page1 used on inpu
t line 56.
(luatex.def)             Requested size: 13.13995pt x 13.13866pt.
)
Package svg Info: Last page of `./svg-inkscape/montevideo_city_torque_svg-tex.p
df' is 1 on input line 2912.
(./svg-inkscape/montevideo_city_torque_svg-tex.pdf_tex
File: ./svg-inkscape/montevideo_city_torque_svg-tex.pdf Graphic file (type pdf)

<use ./svg-inkscape/montevideo_city_torque_svg-tex.pdf, page 1>
Package luatex.def Info: ./svg-inkscape/montevideo_city_torque_svg-tex.pdf , pa
ge1 used on input line 56.
(luatex.def)             Requested size: 13.13995pt x 13.13652pt.
)
File: ../assets/pitch/pitch.png Graphic file (type png)
<use ../assets/pitch/pitch.png>
Package luatex.def Info: ../assets/pitch/pitch.png  used on input line 2919.
(luatex.def)             Requested size: 256.0748pt x 384.09811pt.
File: ../assets/camisa/costas1.png Graphic file (type png)
<use ../assets/camisa/costas1.png>
Package luatex.def Info: ../assets/camisa/costas1.png  used on input line 2921.

(luatex.def)             Requested size: 34.14322pt x 34.1393pt.
File: ../assets/camisa/costas1.png Graphic file (type png)
<use ../assets/camisa/costas1.png>
Package luatex.def Info: ../assets/camisa/costas1.png  used on input line 2922.

(luatex.def)             Requested size: 34.14322pt x 34.1393pt.
File: ../assets/camisa/costas1.png Graphic file (type png)
<use ../assets/camisa/costas1.png>
Package luatex.def Info: ../assets/camisa/costas1.png  used on input line 2923.

(luatex.def)             Requested size: 34.14322pt x 34.1393pt.
File: ../assets/camisa/costas1.png Graphic file (type png)
<use ../assets/camisa/costas1.png>
Package luatex.def Info: ../assets/camisa/costas1.png  used on input line 2924.

(luatex.def)             Requested size: 34.14322pt x 34.1393pt.
File: ../assets/camisa/costas1.png Graphic file (type png)
<use ../assets/camisa/costas1.png>
Package luatex.def Info: ../assets/camisa/costas1.png  used on input line 2925.

(luatex.def)             Requested size: 34.14322pt x 34.1393pt.
File: ../assets/camisa/costas1.png Graphic file (type png)
<use ../assets/camisa/costas1.png>
Package luatex.def Info: ../assets/camisa/costas1.png  used on input line 2926.

(luatex.def)             Requested size: 34.14322pt x 34.1393pt.
File: ../assets/camisa/costas1.png Graphic file (type png)
<use ../assets/camisa/costas1.png>
Package luatex.def Info: ../assets/camisa/costas1.png  used on input line 2927.

(luatex.def)             Requested size: 34.14322pt x 34.1393pt.
File: ../assets/camisa/costas1.png Graphic file (type png)
<use ../assets/camisa/costas1.png>
Package luatex.def Info: ../assets/camisa/costas1.png  used on input line 2928.

(luatex.def)             Requested size: 34.14322pt x 34.1393pt.
File: ../assets/camisa/costas1.png Graphic file (type png)
<use ../assets/camisa/costas1.png>
Package luatex.def Info: ../assets/camisa/costas1.png  used on input line 2929.

(luatex.def)             Requested size: 34.14322pt x 34.1393pt.
File: ../assets/camisa/costas1.png Graphic file (type png)
<use ../assets/camisa/costas1.png>
Package luatex.def Info: ../assets/camisa/costas1.png  used on input line 2930.

(luatex.def)             Requested size: 34.14322pt x 34.1393pt.
File: ../assets/camisa/costas1.png Graphic file (type png)
<use ../assets/camisa/costas1.png>
Package luatex.def Info: ../assets/camisa/costas1.png  used on input line 2931.

(luatex.def)             Requested size: 34.14322pt x 34.1393pt.

Overfull \hbox (44.50333pt too wide) in paragraph at lines 2933--2934
[][]  
 []

File: ../assets/camisa/costas1.png Graphic file (type png)
<use ../assets/camisa/costas1.png>
Package luatex.def Info: ../assets/camisa/costas1.png  used on input line 2942.

(luatex.def)             Requested size: 22.76228pt x 22.75952pt.
File: ../assets/camisa/costas1.png Graphic file (type png)
<use ../assets/camisa/costas1.png>
Package luatex.def Info: ../assets/camisa/costas1.png  used on input line 2943.

(luatex.def)             Requested size: 22.76228pt x 22.75952pt.
File: ../assets/camisa/costas1.png Graphic file (type png)
<use ../assets/camisa/costas1.png>
Package luatex.def Info: ../assets/camisa/costas1.png  used on input line 2944.

(luatex.def)             Requested size: 22.76228pt x 22.75952pt.
File: ../assets/camisa/costas1.png Graphic file (type png)
<use ../assets/camisa/costas1.png>
Package luatex.def Info: ../assets/camisa/costas1.png  used on input line 2945.

(luatex.def)             Requested size: 22.76228pt x 22.75952pt.
File: ../assets/camisa/costas1.png Graphic file (type png)
<use ../assets/camisa/costas1.png>
Package luatex.def Info: ../assets/camisa/costas1.png  used on input line 2946.

(luatex.def)             Requested size: 22.76228pt x 22.75952pt.
File: ../assets/camisa/costas1.png Graphic file (type png)
<use ../assets/camisa/costas1.png>
Package luatex.def Info: ../assets/camisa/costas1.png  used on input line 2947.

(luatex.def)             Requested size: 22.76228pt x 22.75952pt.
File: ../assets/camisa/costas1.png Graphic file (type png)
<use ../assets/camisa/costas1.png>
Package luatex.def Info: ../assets/camisa/costas1.png  used on input line 2948.

(luatex.def)             Requested size: 22.76228pt x 22.75952pt.
File: ../assets/camisa/costas1.png Graphic file (type png)
<use ../assets/camisa/costas1.png>
Package luatex.def Info: ../assets/camisa/costas1.png  used on input line 2949.

(luatex.def)             Requested size: 22.76228pt x 22.75952pt.
File: ../assets/camisa/costas1.png Graphic file (type png)
<use ../assets/camisa/costas1.png>
Package luatex.def Info: ../assets/camisa/costas1.png  used on input line 2950.

(luatex.def)             Requested size: 22.76228pt x 22.75952pt.
File: ../assets/camisa/costas1.png Graphic file (type png)
<use ../assets/camisa/costas1.png>
Package luatex.def Info: ../assets/camisa/costas1.png  used on input line 2951.

(luatex.def)             Requested size: 22.76228pt x 22.75952pt.
File: ../assets/camisa/costas1.png Graphic file (type png)
<use ../assets/camisa/costas1.png>
Package luatex.def Info: ../assets/camisa/costas1.png  used on input line 2952.

(luatex.def)             Requested size: 22.76228pt x 22.75952pt.
File: ../assets/camisa/costas1.png Graphic file (type png)
<use ../assets/camisa/costas1.png>
Package luatex.def Info: ../assets/camisa/costas1.png  used on input line 2953.

(luatex.def)             Requested size: 22.76228pt x 22.75952pt.

Overfull \hbox (13.54901pt too wide) in paragraph at lines 2938--2955
[]  
 []



[38]
Package svg Info: Last page of `./svg-inkscape/gremio_svg-tex.pdf' is 1 on inpu
t line 2986.
 (./svg-inkscape/gremio_svg-tex.pdf_tex
File: ./svg-inkscape/gremio_svg-tex.pdf Graphic file (type pdf)
<use ./svg-inkscape/gremio_svg-tex.pdf, page 1>
Package luatex.def Info: ./svg-inkscape/gremio_svg-tex.pdf , page1 used on inpu
t line 56.
(luatex.def)             Requested size: 13.13995pt x 13.13866pt.
)
Package svg Info: Last page of `./svg-inkscape/corinthians_svg-tex.pdf' is 1 on
 input line 2986.

(./svg-inkscape/corinthians_svg-tex.pdf_tex
<./svg-inkscape/corinthians_svg-tex.pdf, id=295, page=1, 352.16568pt x 445.2133
3pt>
File: ./svg-inkscape/corinthians_svg-tex.pdf Graphic file (type pdf)
<use ./svg-inkscape/corinthians_svg-tex.pdf, page 1>
Package luatex.def Info: ./svg-inkscape/corinthians_svg-tex.pdf , page1 used on
 input line 56.
(luatex.def)             Requested size: 10.3941pt x 13.13843pt.
)
File: ../assets/pitch/pitch.png Graphic file (type png)
<use ../assets/pitch/pitch.png>
Package luatex.def Info: ../assets/pitch/pitch.png  used on input line 2993.
(luatex.def)             Requested size: 256.0748pt x 384.09811pt.
File: ../assets/camisa/costas1.png Graphic file (type png)
<use ../assets/camisa/costas1.png>
Package luatex.def Info: ../assets/camisa/costas1.png  used on input line 2995.

(luatex.def)             Requested size: 34.14322pt x 34.1393pt.
File: ../assets/camisa/costas1.png Graphic file (type png)
<use ../assets/camisa/costas1.png>
Package luatex.def Info: ../assets/camisa/costas1.png  used on input line 2996.

(luatex.def)             Requested size: 34.14322pt x 34.1393pt.
File: ../assets/camisa/costas1.png Graphic file (type png)
<use ../assets/camisa/costas1.png>
Package luatex.def Info: ../assets/camisa/costas1.png  used on input line 2997.

(luatex.def)             Requested size: 34.14322pt x 34.1393pt.
File: ../assets/camisa/costas1.png Graphic file (type png)
<use ../assets/camisa/costas1.png>
Package luatex.def Info: ../assets/camisa/costas1.png  used on input line 2998.

(luatex.def)             Requested size: 34.14322pt x 34.1393pt.
File: ../assets/camisa/costas1.png Graphic file (type png)
<use ../assets/camisa/costas1.png>
Package luatex.def Info: ../assets/camisa/costas1.png  used on input line 2999.

(luatex.def)             Requested size: 34.14322pt x 34.1393pt.
File: ../assets/camisa/costas1.png Graphic file (type png)
<use ../assets/camisa/costas1.png>
Package luatex.def Info: ../assets/camisa/costas1.png  used on input line 3000.

(luatex.def)             Requested size: 34.14322pt x 34.1393pt.
File: ../assets/camisa/costas1.png Graphic file (type png)
<use ../assets/camisa/costas1.png>
Package luatex.def Info: ../assets/camisa/costas1.png  used on input line 3001.

(luatex.def)             Requested size: 34.14322pt x 34.1393pt.
File: ../assets/camisa/costas1.png Graphic file (type png)
<use ../assets/camisa/costas1.png>
Package luatex.def Info: ../assets/camisa/costas1.png  used on input line 3002.

(luatex.def)             Requested size: 34.14322pt x 34.1393pt.
File: ../assets/camisa/costas1.png Graphic file (type png)
<use ../assets/camisa/costas1.png>
Package luatex.def Info: ../assets/camisa/costas1.png  used on input line 3003.

(luatex.def)             Requested size: 34.14322pt x 34.1393pt.
File: ../assets/camisa/costas1.png Graphic file (type png)
<use ../assets/camisa/costas1.png>
Package luatex.def Info: ../assets/camisa/costas1.png  used on input line 3004.

(luatex.def)             Requested size: 34.14322pt x 34.1393pt.
File: ../assets/camisa/costas1.png Graphic file (type png)
<use ../assets/camisa/costas1.png>
Package luatex.def Info: ../assets/camisa/costas1.png  used on input line 3005.

(luatex.def)             Requested size: 34.14322pt x 34.1393pt.

Overfull \hbox (44.50333pt too wide) in paragraph at lines 3007--3008
[][]  
 []

File: ../assets/camisa/costas1.png Graphic file (type png)
<use ../assets/camisa/costas1.png>
Package luatex.def Info: ../assets/camisa/costas1.png  used on input line 3016.

(luatex.def)             Requested size: 22.76228pt x 22.75952pt.
File: ../assets/camisa/costas1.png Graphic file (type png)
<use ../assets/camisa/costas1.png>
Package luatex.def Info: ../assets/camisa/costas1.png  used on input line 3017.

(luatex.def)             Requested size: 22.76228pt x 22.75952pt.
File: ../assets/camisa/costas1.png Graphic file (type png)
<use ../assets/camisa/costas1.png>
Package luatex.def Info: ../assets/camisa/costas1.png  used on input line 3018.

(luatex.def)             Requested size: 22.76228pt x 22.75952pt.
File: ../assets/camisa/costas1.png Graphic file (type png)
<use ../assets/camisa/costas1.png>
Package luatex.def Info: ../assets/camisa/costas1.png  used on input line 3019.

(luatex.def)             Requested size: 22.76228pt x 22.75952pt.
File: ../assets/camisa/costas1.png Graphic file (type png)
<use ../assets/camisa/costas1.png>
Package luatex.def Info: ../assets/camisa/costas1.png  used on input line 3020.

(luatex.def)             Requested size: 22.76228pt x 22.75952pt.
File: ../assets/camisa/costas1.png Graphic file (type png)
<use ../assets/camisa/costas1.png>
Package luatex.def Info: ../assets/camisa/costas1.png  used on input line 3021.

(luatex.def)             Requested size: 22.76228pt x 22.75952pt.
File: ../assets/camisa/costas1.png Graphic file (type png)
<use ../assets/camisa/costas1.png>
Package luatex.def Info: ../assets/camisa/costas1.png  used on input line 3022.

(luatex.def)             Requested size: 22.76228pt x 22.75952pt.
File: ../assets/camisa/costas1.png Graphic file (type png)
<use ../assets/camisa/costas1.png>
Package luatex.def Info: ../assets/camisa/costas1.png  used on input line 3023.

(luatex.def)             Requested size: 22.76228pt x 22.75952pt.
File: ../assets/camisa/costas1.png Graphic file (type png)
<use ../assets/camisa/costas1.png>
Package luatex.def Info: ../assets/camisa/costas1.png  used on input line 3024.

(luatex.def)             Requested size: 22.76228pt x 22.75952pt.
File: ../assets/camisa/costas1.png Graphic file (type png)
<use ../assets/camisa/costas1.png>
Package luatex.def Info: ../assets/camisa/costas1.png  used on input line 3025.

(luatex.def)             Requested size: 22.76228pt x 22.75952pt.
File: ../assets/camisa/costas1.png Graphic file (type png)
<use ../assets/camisa/costas1.png>
Package luatex.def Info: ../assets/camisa/costas1.png  used on input line 3026.

(luatex.def)             Requested size: 22.76228pt x 22.75952pt.
File: ../assets/camisa/costas1.png Graphic file (type png)
<use ../assets/camisa/costas1.png>
Package luatex.def Info: ../assets/camisa/costas1.png  used on input line 3027.

(luatex.def)             Requested size: 22.76228pt x 22.75952pt.

Overfull \hbox (14.7097pt too wide) in paragraph at lines 3012--3029
[]  
 []



[39<./svg-inkscape/corinthians_svg-tex.pdf>]
Package svg Info: Last page of `./svg-inkscape/mirassol_svg-tex.pdf' is 1 on in
put line 3066.

(./svg-inkscape/mirassol_svg-tex.pdf_tex
<./svg-inkscape/mirassol_svg-tex.pdf, id=303, page=1, 374.82533pt x 367.22192pt
>
File: ./svg-inkscape/mirassol_svg-tex.pdf Graphic file (type pdf)
<use ./svg-inkscape/mirassol_svg-tex.pdf, page 1>
Package luatex.def Info: ./svg-inkscape/mirassol_svg-tex.pdf , page1 used on in
put line 56.
(luatex.def)             Requested size: 13.41322pt x 13.13985pt.
)
Package svg Info: Last page of `./svg-inkscape/gremio_svg-tex.pdf' is 1 on inpu
t line 3066.

(./svg-inkscape/gremio_svg-tex.pdf_tex
File: ./svg-inkscape/gremio_svg-tex.pdf Graphic file (type pdf)
<use ./svg-inkscape/gremio_svg-tex.pdf, page 1>
Package luatex.def Info: ./svg-inkscape/gremio_svg-tex.pdf , page1 used on inpu
t line 56.
(luatex.def)             Requested size: 13.13995pt x 13.13866pt.
)
File: ../assets/pitch/pitch.png Graphic file (type png)
<use ../assets/pitch/pitch.png>
Package luatex.def Info: ../assets/pitch/pitch.png  used on input line 3073.
(luatex.def)             Requested size: 256.0748pt x 384.09811pt.
File: ../assets/camisa/costas1.png Graphic file (type png)
<use ../assets/camisa/costas1.png>
Package luatex.def Info: ../assets/camisa/costas1.png  used on input line 3075.

(luatex.def)             Requested size: 34.14322pt x 34.1393pt.
File: ../assets/camisa/costas1.png Graphic file (type png)
<use ../assets/camisa/costas1.png>
Package luatex.def Info: ../assets/camisa/costas1.png  used on input line 3076.

(luatex.def)             Requested size: 34.14322pt x 34.1393pt.
File: ../assets/camisa/costas1.png Graphic file (type png)
<use ../assets/camisa/costas1.png>
Package luatex.def Info: ../assets/camisa/costas1.png  used on input line 3077.

(luatex.def)             Requested size: 34.14322pt x 34.1393pt.
File: ../assets/camisa/costas1.png Graphic file (type png)
<use ../assets/camisa/costas1.png>
Package luatex.def Info: ../assets/camisa/costas1.png  used on input line 3078.

(luatex.def)             Requested size: 34.14322pt x 34.1393pt.
File: ../assets/camisa/costas1.png Graphic file (type png)
<use ../assets/camisa/costas1.png>
Package luatex.def Info: ../assets/camisa/costas1.png  used on input line 3079.

(luatex.def)             Requested size: 34.14322pt x 34.1393pt.
File: ../assets/camisa/costas1.png Graphic file (type png)
<use ../assets/camisa/costas1.png>
Package luatex.def Info: ../assets/camisa/costas1.png  used on input line 3080.

(luatex.def)             Requested size: 34.14322pt x 34.1393pt.
File: ../assets/camisa/costas1.png Graphic file (type png)
<use ../assets/camisa/costas1.png>
Package luatex.def Info: ../assets/camisa/costas1.png  used on input line 3081.

(luatex.def)             Requested size: 34.14322pt x 34.1393pt.
File: ../assets/camisa/costas1.png Graphic file (type png)
<use ../assets/camisa/costas1.png>
Package luatex.def Info: ../assets/camisa/costas1.png  used on input line 3082.

(luatex.def)             Requested size: 34.14322pt x 34.1393pt.
File: ../assets/camisa/costas1.png Graphic file (type png)
<use ../assets/camisa/costas1.png>
Package luatex.def Info: ../assets/camisa/costas1.png  used on input line 3083.

(luatex.def)             Requested size: 34.14322pt x 34.1393pt.
File: ../assets/camisa/costas1.png Graphic file (type png)
<use ../assets/camisa/costas1.png>
Package luatex.def Info: ../assets/camisa/costas1.png  used on input line 3084.

(luatex.def)             Requested size: 34.14322pt x 34.1393pt.
File: ../assets/camisa/costas1.png Graphic file (type png)
<use ../assets/camisa/costas1.png>
Package luatex.def Info: ../assets/camisa/costas1.png  used on input line 3085.

(luatex.def)             Requested size: 34.14322pt x 34.1393pt.

Overfull \hbox (44.50333pt too wide) in paragraph at lines 3087--3088
[][]  
 []

File: ../assets/camisa/costas1.png Graphic file (type png)
<use ../assets/camisa/costas1.png>
Package luatex.def Info: ../assets/camisa/costas1.png  used on input line 3096.

(luatex.def)             Requested size: 22.76228pt x 22.75952pt.
File: ../assets/camisa/costas1.png Graphic file (type png)
<use ../assets/camisa/costas1.png>
Package luatex.def Info: ../assets/camisa/costas1.png  used on input line 3097.

(luatex.def)             Requested size: 22.76228pt x 22.75952pt.
File: ../assets/camisa/costas1.png Graphic file (type png)
<use ../assets/camisa/costas1.png>
Package luatex.def Info: ../assets/camisa/costas1.png  used on input line 3098.

(luatex.def)             Requested size: 22.76228pt x 22.75952pt.
File: ../assets/camisa/costas1.png Graphic file (type png)
<use ../assets/camisa/costas1.png>
Package luatex.def Info: ../assets/camisa/costas1.png  used on input line 3099.

(luatex.def)             Requested size: 22.76228pt x 22.75952pt.
File: ../assets/camisa/costas1.png Graphic file (type png)
<use ../assets/camisa/costas1.png>
Package luatex.def Info: ../assets/camisa/costas1.png  used on input line 3100.

(luatex.def)             Requested size: 22.76228pt x 22.75952pt.
File: ../assets/camisa/costas1.png Graphic file (type png)
<use ../assets/camisa/costas1.png>
Package luatex.def Info: ../assets/camisa/costas1.png  used on input line 3101.

(luatex.def)             Requested size: 22.76228pt x 22.75952pt.
File: ../assets/camisa/costas1.png Graphic file (type png)
<use ../assets/camisa/costas1.png>
Package luatex.def Info: ../assets/camisa/costas1.png  used on input line 3102.

(luatex.def)             Requested size: 22.76228pt x 22.75952pt.
File: ../assets/camisa/costas1.png Graphic file (type png)
<use ../assets/camisa/costas1.png>
Package luatex.def Info: ../assets/camisa/costas1.png  used on input line 3103.

(luatex.def)             Requested size: 22.76228pt x 22.75952pt.
File: ../assets/camisa/costas1.png Graphic file (type png)
<use ../assets/camisa/costas1.png>
Package luatex.def Info: ../assets/camisa/costas1.png  used on input line 3104.

(luatex.def)             Requested size: 22.76228pt x 22.75952pt.
File: ../assets/camisa/costas1.png Graphic file (type png)
<use ../assets/camisa/costas1.png>
Package luatex.def Info: ../assets/camisa/costas1.png  used on input line 3105.

(luatex.def)             Requested size: 22.76228pt x 22.75952pt.
File: ../assets/camisa/costas1.png Graphic file (type png)
<use ../assets/camisa/costas1.png>
Package luatex.def Info: ../assets/camisa/costas1.png  used on input line 3106.

(luatex.def)             Requested size: 22.76228pt x 22.75952pt.
File: ../assets/camisa/costas1.png Graphic file (type png)
<use ../assets/camisa/costas1.png>
Package luatex.def Info: ../assets/camisa/costas1.png  used on input line 3107.

(luatex.def)             Requested size: 22.76228pt x 22.75952pt.
File: ../assets/camisa/costas1.png Graphic file (type png)
<use ../assets/camisa/costas1.png>
Package luatex.def Info: ../assets/camisa/costas1.png  used on input line 3108.

(luatex.def)             Requested size: 22.76228pt x 22.75952pt.


[40<./svg-inkscape/mirassol_svg-tex.pdf>]
Package svg Info: Last page of `./svg-inkscape/gremio_svg-tex.pdf' is 1 on inpu
t line 3146.

(./svg-inkscape/gremio_svg-tex.pdf_tex
File: ./svg-inkscape/gremio_svg-tex.pdf Graphic file (type pdf)
<use ./svg-inkscape/gremio_svg-tex.pdf, page 1>
Package luatex.def Info: ./svg-inkscape/gremio_svg-tex.pdf , page1 used on inpu
t line 56.
(luatex.def)             Requested size: 13.13995pt x 13.13866pt.
)
Package svg Info: Last page of `./svg-inkscape/fluminense_svg-tex.pdf' is 1 on 
input line 3146.

(./svg-inkscape/fluminense_svg-tex.pdf_tex
File: ./svg-inkscape/fluminense_svg-tex.pdf Graphic file (type pdf)
<use ./svg-inkscape/fluminense_svg-tex.pdf, page 1>
Package luatex.def Info: ./svg-inkscape/fluminense_svg-tex.pdf , page1 used on 
input line 56.
(luatex.def)             Requested size: 11.34146pt x 13.13646pt.
)
File: ../assets/pitch/pitch.png Graphic file (type png)
<use ../assets/pitch/pitch.png>
Package luatex.def Info: ../assets/pitch/pitch.png  used on input line 3153.
(luatex.def)             Requested size: 256.0748pt x 384.09811pt.
File: ../assets/camisa/costas1.png Graphic file (type png)
<use ../assets/camisa/costas1.png>
Package luatex.def Info: ../assets/camisa/costas1.png  used on input line 3155.

(luatex.def)             Requested size: 34.14322pt x 34.1393pt.
File: ../assets/camisa/costas1.png Graphic file (type png)
<use ../assets/camisa/costas1.png>
Package luatex.def Info: ../assets/camisa/costas1.png  used on input line 3156.

(luatex.def)             Requested size: 34.14322pt x 34.1393pt.
File: ../assets/camisa/costas1.png Graphic file (type png)
<use ../assets/camisa/costas1.png>
Package luatex.def Info: ../assets/camisa/costas1.png  used on input line 3157.

(luatex.def)             Requested size: 34.14322pt x 34.1393pt.
File: ../assets/camisa/costas1.png Graphic file (type png)
<use ../assets/camisa/costas1.png>
Package luatex.def Info: ../assets/camisa/costas1.png  used on input line 3158.

(luatex.def)             Requested size: 34.14322pt x 34.1393pt.
File: ../assets/camisa/costas1.png Graphic file (type png)
<use ../assets/camisa/costas1.png>
Package luatex.def Info: ../assets/camisa/costas1.png  used on input line 3159.

(luatex.def)             Requested size: 34.14322pt x 34.1393pt.
File: ../assets/camisa/costas1.png Graphic file (type png)
<use ../assets/camisa/costas1.png>
Package luatex.def Info: ../assets/camisa/costas1.png  used on input line 3160.

(luatex.def)             Requested size: 34.14322pt x 34.1393pt.
File: ../assets/camisa/costas1.png Graphic file (type png)
<use ../assets/camisa/costas1.png>
Package luatex.def Info: ../assets/camisa/costas1.png  used on input line 3161.

(luatex.def)             Requested size: 34.14322pt x 34.1393pt.
File: ../assets/camisa/costas1.png Graphic file (type png)
<use ../assets/camisa/costas1.png>
Package luatex.def Info: ../assets/camisa/costas1.png  used on input line 3162.

(luatex.def)             Requested size: 34.14322pt x 34.1393pt.
File: ../assets/camisa/costas1.png Graphic file (type png)
<use ../assets/camisa/costas1.png>
Package luatex.def Info: ../assets/camisa/costas1.png  used on input line 3163.

(luatex.def)             Requested size: 34.14322pt x 34.1393pt.
File: ../assets/camisa/costas1.png Graphic file (type png)
<use ../assets/camisa/costas1.png>
Package luatex.def Info: ../assets/camisa/costas1.png  used on input line 3164.

(luatex.def)             Requested size: 34.14322pt x 34.1393pt.
File: ../assets/camisa/costas1.png Graphic file (type png)
<use ../assets/camisa/costas1.png>
Package luatex.def Info: ../assets/camisa/costas1.png  used on input line 3165.

(luatex.def)             Requested size: 34.14322pt x 34.1393pt.

Overfull \hbox (44.50333pt too wide) in paragraph at lines 3167--3168
[][]  
 []

File: ../assets/camisa/costas1.png Graphic file (type png)
<use ../assets/camisa/costas1.png>
Package luatex.def Info: ../assets/camisa/costas1.png  used on input line 3176.

(luatex.def)             Requested size: 22.76228pt x 22.75952pt.
File: ../assets/camisa/costas1.png Graphic file (type png)
<use ../assets/camisa/costas1.png>
Package luatex.def Info: ../assets/camisa/costas1.png  used on input line 3177.

(luatex.def)             Requested size: 22.76228pt x 22.75952pt.
File: ../assets/camisa/costas1.png Graphic file (type png)
<use ../assets/camisa/costas1.png>
Package luatex.def Info: ../assets/camisa/costas1.png  used on input line 3178.

(luatex.def)             Requested size: 22.76228pt x 22.75952pt.
File: ../assets/camisa/costas1.png Graphic file (type png)
<use ../assets/camisa/costas1.png>
Package luatex.def Info: ../assets/camisa/costas1.png  used on input line 3179.

(luatex.def)             Requested size: 22.76228pt x 22.75952pt.
File: ../assets/camisa/costas1.png Graphic file (type png)
<use ../assets/camisa/costas1.png>
Package luatex.def Info: ../assets/camisa/costas1.png  used on input line 3180.

(luatex.def)             Requested size: 22.76228pt x 22.75952pt.
File: ../assets/camisa/costas1.png Graphic file (type png)
<use ../assets/camisa/costas1.png>
Package luatex.def Info: ../assets/camisa/costas1.png  used on input line 3181.

(luatex.def)             Requested size: 22.76228pt x 22.75952pt.
File: ../assets/camisa/costas1.png Graphic file (type png)
<use ../assets/camisa/costas1.png>
Package luatex.def Info: ../assets/camisa/costas1.png  used on input line 3182.

(luatex.def)             Requested size: 22.76228pt x 22.75952pt.
File: ../assets/camisa/costas1.png Graphic file (type png)
<use ../assets/camisa/costas1.png>
Package luatex.def Info: ../assets/camisa/costas1.png  used on input line 3183.

(luatex.def)             Requested size: 22.76228pt x 22.75952pt.
File: ../assets/camisa/costas1.png Graphic file (type png)
<use ../assets/camisa/costas1.png>
Package luatex.def Info: ../assets/camisa/costas1.png  used on input line 3184.

(luatex.def)             Requested size: 22.76228pt x 22.75952pt.
File: ../assets/camisa/costas1.png Graphic file (type png)
<use ../assets/camisa/costas1.png>
Package luatex.def Info: ../assets/camisa/costas1.png  used on input line 3185.

(luatex.def)             Requested size: 22.76228pt x 22.75952pt.
File: ../assets/camisa/costas1.png Graphic file (type png)
<use ../assets/camisa/costas1.png>
Package luatex.def Info: ../assets/camisa/costas1.png  used on input line 3186.

(luatex.def)             Requested size: 22.76228pt x 22.75952pt.

Overfull \hbox (13.54901pt too wide) in paragraph at lines 3172--3188
[]  
 []



[41]
Package svg Info: Last page of `./svg-inkscape/mirassol_svg-tex.pdf' is 1 on in
put line 3224.
 (./svg-inkscape/mirassol_svg-tex.pdf_tex
File: ./svg-inkscape/mirassol_svg-tex.pdf Graphic file (type pdf)
<use ./svg-inkscape/mirassol_svg-tex.pdf, page 1>
Package luatex.def Info: ./svg-inkscape/mirassol_svg-tex.pdf , page1 used on in
put line 56.
(luatex.def)             Requested size: 13.41322pt x 13.13985pt.
)
Package svg Info: Last page of `./svg-inkscape/gremio_svg-tex.pdf' is 1 on inpu
t line 3224.

(./svg-inkscape/gremio_svg-tex.pdf_tex
File: ./svg-inkscape/gremio_svg-tex.pdf Graphic file (type pdf)
<use ./svg-inkscape/gremio_svg-tex.pdf, page 1>
Package luatex.def Info: ./svg-inkscape/gremio_svg-tex.pdf , page1 used on inpu
t line 56.
(luatex.def)             Requested size: 13.13995pt x 13.13866pt.
)
File: ../assets/pitch/pitch.png Graphic file (type png)
<use ../assets/pitch/pitch.png>
Package luatex.def Info: ../assets/pitch/pitch.png  used on input line 3231.
(luatex.def)             Requested size: 256.0748pt x 384.09811pt.
File: ../assets/camisa/costas1.png Graphic file (type png)
<use ../assets/camisa/costas1.png>
Package luatex.def Info: ../assets/camisa/costas1.png  used on input line 3233.

(luatex.def)             Requested size: 34.14322pt x 34.1393pt.
File: ../assets/camisa/costas1.png Graphic file (type png)
<use ../assets/camisa/costas1.png>
Package luatex.def Info: ../assets/camisa/costas1.png  used on input line 3234.

(luatex.def)             Requested size: 34.14322pt x 34.1393pt.
File: ../assets/camisa/costas1.png Graphic file (type png)
<use ../assets/camisa/costas1.png>
Package luatex.def Info: ../assets/camisa/costas1.png  used on input line 3235.

(luatex.def)             Requested size: 34.14322pt x 34.1393pt.
File: ../assets/camisa/costas1.png Graphic file (type png)
<use ../assets/camisa/costas1.png>
Package luatex.def Info: ../assets/camisa/costas1.png  used on input line 3236.

(luatex.def)             Requested size: 34.14322pt x 34.1393pt.
File: ../assets/camisa/costas1.png Graphic file (type png)
<use ../assets/camisa/costas1.png>
Package luatex.def Info: ../assets/camisa/costas1.png  used on input line 3237.

(luatex.def)             Requested size: 34.14322pt x 34.1393pt.
File: ../assets/camisa/costas1.png Graphic file (type png)
<use ../assets/camisa/costas1.png>
Package luatex.def Info: ../assets/camisa/costas1.png  used on input line 3238.

(luatex.def)             Requested size: 34.14322pt x 34.1393pt.
File: ../assets/camisa/costas1.png Graphic file (type png)
<use ../assets/camisa/costas1.png>
Package luatex.def Info: ../assets/camisa/costas1.png  used on input line 3239.

(luatex.def)             Requested size: 34.14322pt x 34.1393pt.
File: ../assets/camisa/costas1.png Graphic file (type png)
<use ../assets/camisa/costas1.png>
Package luatex.def Info: ../assets/camisa/costas1.png  used on input line 3240.

(luatex.def)             Requested size: 34.14322pt x 34.1393pt.
File: ../assets/camisa/costas1.png Graphic file (type png)
<use ../assets/camisa/costas1.png>
Package luatex.def Info: ../assets/camisa/costas1.png  used on input line 3241.

(luatex.def)             Requested size: 34.14322pt x 34.1393pt.
File: ../assets/camisa/costas1.png Graphic file (type png)
<use ../assets/camisa/costas1.png>
Package luatex.def Info: ../assets/camisa/costas1.png  used on input line 3242.

(luatex.def)             Requested size: 34.14322pt x 34.1393pt.
File: ../assets/camisa/costas1.png Graphic file (type png)
<use ../assets/camisa/costas1.png>
Package luatex.def Info: ../assets/camisa/costas1.png  used on input line 3243.

(luatex.def)             Requested size: 34.14322pt x 34.1393pt.

Overfull \hbox (44.50333pt too wide) in paragraph at lines 3245--3246
[][]  
 []

File: ../assets/camisa/costas1.png Graphic file (type png)
<use ../assets/camisa/costas1.png>
Package luatex.def Info: ../assets/camisa/costas1.png  used on input line 3254.

(luatex.def)             Requested size: 22.76228pt x 22.75952pt.
File: ../assets/camisa/costas1.png Graphic file (type png)
<use ../assets/camisa/costas1.png>
Package luatex.def Info: ../assets/camisa/costas1.png  used on input line 3255.

(luatex.def)             Requested size: 22.76228pt x 22.75952pt.
File: ../assets/camisa/costas1.png Graphic file (type png)
<use ../assets/camisa/costas1.png>
Package luatex.def Info: ../assets/camisa/costas1.png  used on input line 3256.

(luatex.def)             Requested size: 22.76228pt x 22.75952pt.
File: ../assets/camisa/costas1.png Graphic file (type png)
<use ../assets/camisa/costas1.png>
Package luatex.def Info: ../assets/camisa/costas1.png  used on input line 3257.

(luatex.def)             Requested size: 22.76228pt x 22.75952pt.
File: ../assets/camisa/costas1.png Graphic file (type png)
<use ../assets/camisa/costas1.png>
Package luatex.def Info: ../assets/camisa/costas1.png  used on input line 3258.

(luatex.def)             Requested size: 22.76228pt x 22.75952pt.
File: ../assets/camisa/costas1.png Graphic file (type png)
<use ../assets/camisa/costas1.png>
Package luatex.def Info: ../assets/camisa/costas1.png  used on input line 3259.

(luatex.def)             Requested size: 22.76228pt x 22.75952pt.
File: ../assets/camisa/costas1.png Graphic file (type png)
<use ../assets/camisa/costas1.png>
Package luatex.def Info: ../assets/camisa/costas1.png  used on input line 3260.

(luatex.def)             Requested size: 22.76228pt x 22.75952pt.
File: ../assets/camisa/costas1.png Graphic file (type png)
<use ../assets/camisa/costas1.png>
Package luatex.def Info: ../assets/camisa/costas1.png  used on input line 3261.

(luatex.def)             Requested size: 22.76228pt x 22.75952pt.
File: ../assets/camisa/costas1.png Graphic file (type png)
<use ../assets/camisa/costas1.png>
Package luatex.def Info: ../assets/camisa/costas1.png  used on input line 3262.

(luatex.def)             Requested size: 22.76228pt x 22.75952pt.
File: ../assets/camisa/costas1.png Graphic file (type png)
<use ../assets/camisa/costas1.png>
Package luatex.def Info: ../assets/camisa/costas1.png  used on input line 3263.

(luatex.def)             Requested size: 22.76228pt x 22.75952pt.
File: ../assets/camisa/costas1.png Graphic file (type png)
<use ../assets/camisa/costas1.png>
Package luatex.def Info: ../assets/camisa/costas1.png  used on input line 3264.

(luatex.def)             Requested size: 22.76228pt x 22.75952pt.

Overfull \hbox (4.90945pt too wide) in paragraph at lines 3250--3266
[]  
 []



[42]
Package svg Info: Last page of `./svg-inkscape/gremio_svg-tex.pdf' is 1 on inpu
t line 3293.
 (./svg-inkscape/gremio_svg-tex.pdf_tex
File: ./svg-inkscape/gremio_svg-tex.pdf Graphic file (type pdf)
<use ./svg-inkscape/gremio_svg-tex.pdf, page 1>
Package luatex.def Info: ./svg-inkscape/gremio_svg-tex.pdf , page1 used on inpu
t line 56.
(luatex.def)             Requested size: 13.13995pt x 13.13866pt.
)
Package svg Info: Last page of `./svg-inkscape/mirassol_svg-tex.pdf' is 1 on in
put line 3293.

(./svg-inkscape/mirassol_svg-tex.pdf_tex
File: ./svg-inkscape/mirassol_svg-tex.pdf Graphic file (type pdf)
<use ./svg-inkscape/mirassol_svg-tex.pdf, page 1>
Package luatex.def Info: ./svg-inkscape/mirassol_svg-tex.pdf , page1 used on in
put line 56.
(luatex.def)             Requested size: 13.41322pt x 13.13985pt.
)
File: ../assets/pitch/pitch.png Graphic file (type png)
<use ../assets/pitch/pitch.png>
Package luatex.def Info: ../assets/pitch/pitch.png  used on input line 3300.
(luatex.def)             Requested size: 256.0748pt x 384.09811pt.
File: ../assets/camisa/costas1.png Graphic file (type png)
<use ../assets/camisa/costas1.png>
Package luatex.def Info: ../assets/camisa/costas1.png  used on input line 3302.

(luatex.def)             Requested size: 34.14322pt x 34.1393pt.
File: ../assets/camisa/costas1.png Graphic file (type png)
<use ../assets/camisa/costas1.png>
Package luatex.def Info: ../assets/camisa/costas1.png  used on input line 3303.

(luatex.def)             Requested size: 34.14322pt x 34.1393pt.
File: ../assets/camisa/costas1.png Graphic file (type png)
<use ../assets/camisa/costas1.png>
Package luatex.def Info: ../assets/camisa/costas1.png  used on input line 3304.

(luatex.def)             Requested size: 34.14322pt x 34.1393pt.
File: ../assets/camisa/costas1.png Graphic file (type png)
<use ../assets/camisa/costas1.png>
Package luatex.def Info: ../assets/camisa/costas1.png  used on input line 3305.

(luatex.def)             Requested size: 34.14322pt x 34.1393pt.
File: ../assets/camisa/costas1.png Graphic file (type png)
<use ../assets/camisa/costas1.png>
Package luatex.def Info: ../assets/camisa/costas1.png  used on input line 3306.

(luatex.def)             Requested size: 34.14322pt x 34.1393pt.
File: ../assets/camisa/costas1.png Graphic file (type png)
<use ../assets/camisa/costas1.png>
Package luatex.def Info: ../assets/camisa/costas1.png  used on input line 3307.

(luatex.def)             Requested size: 34.14322pt x 34.1393pt.
File: ../assets/camisa/costas1.png Graphic file (type png)
<use ../assets/camisa/costas1.png>
Package luatex.def Info: ../assets/camisa/costas1.png  used on input line 3308.

(luatex.def)             Requested size: 34.14322pt x 34.1393pt.
File: ../assets/camisa/costas1.png Graphic file (type png)
<use ../assets/camisa/costas1.png>
Package luatex.def Info: ../assets/camisa/costas1.png  used on input line 3309.

(luatex.def)             Requested size: 34.14322pt x 34.1393pt.
File: ../assets/camisa/costas1.png Graphic file (type png)
<use ../assets/camisa/costas1.png>
Package luatex.def Info: ../assets/camisa/costas1.png  used on input line 3310.

(luatex.def)             Requested size: 34.14322pt x 34.1393pt.
File: ../assets/camisa/costas1.png Graphic file (type png)
<use ../assets/camisa/costas1.png>
Package luatex.def Info: ../assets/camisa/costas1.png  used on input line 3311.

(luatex.def)             Requested size: 34.14322pt x 34.1393pt.
File: ../assets/camisa/costas1.png Graphic file (type png)
<use ../assets/camisa/costas1.png>
Package luatex.def Info: ../assets/camisa/costas1.png  used on input line 3312.

(luatex.def)             Requested size: 34.14322pt x 34.1393pt.

Overfull \hbox (44.50333pt too wide) in paragraph at lines 3314--3315
[][]  
 []



[43]
Package svg Info: Last page of `./svg-inkscape/bragantino_svg-tex.pdf' is 1 on 
input line 3346.
 (./svg-inkscape/bragantino_svg-tex.pdf_tex
File: ./svg-inkscape/bragantino_svg-tex.pdf Graphic file (type pdf)
<use ./svg-inkscape/bragantino_svg-tex.pdf, page 1>
Package luatex.def Info: ./svg-inkscape/bragantino_svg-tex.pdf , page1 used on 
input line 56.
(luatex.def)             Requested size: 16.27977pt x 13.13843pt.
)
Package svg Info: Last page of `./svg-inkscape/gremio_svg-tex.pdf' is 1 on inpu
t line 3346.

(./svg-inkscape/gremio_svg-tex.pdf_tex
File: ./svg-inkscape/gremio_svg-tex.pdf Graphic file (type pdf)
<use ./svg-inkscape/gremio_svg-tex.pdf, page 1>
Package luatex.def Info: ./svg-inkscape/gremio_svg-tex.pdf , page1 used on inpu
t line 56.
(luatex.def)             Requested size: 13.13995pt x 13.13866pt.
)
File: ../assets/pitch/pitch.png Graphic file (type png)
<use ../assets/pitch/pitch.png>
Package luatex.def Info: ../assets/pitch/pitch.png  used on input line 3353.
(luatex.def)             Requested size: 256.0748pt x 384.09811pt.
File: ../assets/camisa/costas1.png Graphic file (type png)
<use ../assets/camisa/costas1.png>
Package luatex.def Info: ../assets/camisa/costas1.png  used on input line 3355.

(luatex.def)             Requested size: 34.14322pt x 34.1393pt.
File: ../assets/camisa/costas1.png Graphic file (type png)
<use ../assets/camisa/costas1.png>
Package luatex.def Info: ../assets/camisa/costas1.png  used on input line 3356.

(luatex.def)             Requested size: 34.14322pt x 34.1393pt.
File: ../assets/camisa/costas1.png Graphic file (type png)
<use ../assets/camisa/costas1.png>
Package luatex.def Info: ../assets/camisa/costas1.png  used on input line 3357.

(luatex.def)             Requested size: 34.14322pt x 34.1393pt.
File: ../assets/camisa/costas1.png Graphic file (type png)
<use ../assets/camisa/costas1.png>
Package luatex.def Info: ../assets/camisa/costas1.png  used on input line 3358.

(luatex.def)             Requested size: 34.14322pt x 34.1393pt.
File: ../assets/camisa/costas1.png Graphic file (type png)
<use ../assets/camisa/costas1.png>
Package luatex.def Info: ../assets/camisa/costas1.png  used on input line 3359.

(luatex.def)             Requested size: 34.14322pt x 34.1393pt.
File: ../assets/camisa/costas1.png Graphic file (type png)
<use ../assets/camisa/costas1.png>
Package luatex.def Info: ../assets/camisa/costas1.png  used on input line 3360.

(luatex.def)             Requested size: 34.14322pt x 34.1393pt.
File: ../assets/camisa/costas1.png Graphic file (type png)
<use ../assets/camisa/costas1.png>
Package luatex.def Info: ../assets/camisa/costas1.png  used on input line 3361.

(luatex.def)             Requested size: 34.14322pt x 34.1393pt.
File: ../assets/camisa/costas1.png Graphic file (type png)
<use ../assets/camisa/costas1.png>
Package luatex.def Info: ../assets/camisa/costas1.png  used on input line 3362.

(luatex.def)             Requested size: 34.14322pt x 34.1393pt.
File: ../assets/camisa/costas1.png Graphic file (type png)
<use ../assets/camisa/costas1.png>
Package luatex.def Info: ../assets/camisa/costas1.png  used on input line 3363.

(luatex.def)             Requested size: 34.14322pt x 34.1393pt.
File: ../assets/camisa/costas1.png Graphic file (type png)
<use ../assets/camisa/costas1.png>
Package luatex.def Info: ../assets/camisa/costas1.png  used on input line 3364.

(luatex.def)             Requested size: 34.14322pt x 34.1393pt.
File: ../assets/camisa/costas1.png Graphic file (type png)
<use ../assets/camisa/costas1.png>
Package luatex.def Info: ../assets/camisa/costas1.png  used on input line 3365.

(luatex.def)             Requested size: 34.14322pt x 34.1393pt.

Overfull \hbox (44.50333pt too wide) in paragraph at lines 3367--3368
[][]  
 []

File: ../assets/camisa/costas1.png Graphic file (type png)
<use ../assets/camisa/costas1.png>
Package luatex.def Info: ../assets/camisa/costas1.png  used on input line 3376.

(luatex.def)             Requested size: 22.76228pt x 22.75952pt.
File: ../assets/camisa/costas1.png Graphic file (type png)
<use ../assets/camisa/costas1.png>
Package luatex.def Info: ../assets/camisa/costas1.png  used on input line 3377.

(luatex.def)             Requested size: 22.76228pt x 22.75952pt.
File: ../assets/camisa/costas1.png Graphic file (type png)
<use ../assets/camisa/costas1.png>
Package luatex.def Info: ../assets/camisa/costas1.png  used on input line 3378.

(luatex.def)             Requested size: 22.76228pt x 22.75952pt.
File: ../assets/camisa/costas1.png Graphic file (type png)
<use ../assets/camisa/costas1.png>
Package luatex.def Info: ../assets/camisa/costas1.png  used on input line 3379.

(luatex.def)             Requested size: 22.76228pt x 22.75952pt.
File: ../assets/camisa/costas1.png Graphic file (type png)
<use ../assets/camisa/costas1.png>
Package luatex.def Info: ../assets/camisa/costas1.png  used on input line 3380.

(luatex.def)             Requested size: 22.76228pt x 22.75952pt.
File: ../assets/camisa/costas1.png Graphic file (type png)
<use ../assets/camisa/costas1.png>
Package luatex.def Info: ../assets/camisa/costas1.png  used on input line 3381.

(luatex.def)             Requested size: 22.76228pt x 22.75952pt.
File: ../assets/camisa/costas1.png Graphic file (type png)
<use ../assets/camisa/costas1.png>
Package luatex.def Info: ../assets/camisa/costas1.png  used on input line 3382.

(luatex.def)             Requested size: 22.76228pt x 22.75952pt.
File: ../assets/camisa/costas1.png Graphic file (type png)
<use ../assets/camisa/costas1.png>
Package luatex.def Info: ../assets/camisa/costas1.png  used on input line 3383.

(luatex.def)             Requested size: 22.76228pt x 22.75952pt.
File: ../assets/camisa/costas1.png Graphic file (type png)
<use ../assets/camisa/costas1.png>
Package luatex.def Info: ../assets/camisa/costas1.png  used on input line 3384.

(luatex.def)             Requested size: 22.76228pt x 22.75952pt.
File: ../assets/camisa/costas1.png Graphic file (type png)
<use ../assets/camisa/costas1.png>
Package luatex.def Info: ../assets/camisa/costas1.png  used on input line 3385.

(luatex.def)             Requested size: 22.76228pt x 22.75952pt.
File: ../assets/camisa/costas1.png Graphic file (type png)
<use ../assets/camisa/costas1.png>
Package luatex.def Info: ../assets/camisa/costas1.png  used on input line 3386.

(luatex.def)             Requested size: 22.76228pt x 22.75952pt.

Overfull \hbox (4.90945pt too wide) in paragraph at lines 3372--3388
[]  
 []



[44]
Package svg Info: Last page of `./svg-inkscape/gremio_svg-tex.pdf' is 1 on inpu
t line 3424.
 (./svg-inkscape/gremio_svg-tex.pdf_tex
File: ./svg-inkscape/gremio_svg-tex.pdf Graphic file (type pdf)
<use ./svg-inkscape/gremio_svg-tex.pdf, page 1>
Package luatex.def Info: ./svg-inkscape/gremio_svg-tex.pdf , page1 used on inpu
t line 56.
(luatex.def)             Requested size: 13.13995pt x 13.13866pt.
)
Package svg Info: Last page of `./svg-inkscape/mirassol_svg-tex.pdf' is 1 on in
put line 3424.

(./svg-inkscape/mirassol_svg-tex.pdf_tex
File: ./svg-inkscape/mirassol_svg-tex.pdf Graphic file (type pdf)
<use ./svg-inkscape/mirassol_svg-tex.pdf, page 1>
Package luatex.def Info: ./svg-inkscape/mirassol_svg-tex.pdf , page1 used on in
put line 56.
(luatex.def)             Requested size: 13.41322pt x 13.13985pt.
)
File: ../assets/pitch/pitch.png Graphic file (type png)
<use ../assets/pitch/pitch.png>
Package luatex.def Info: ../assets/pitch/pitch.png  used on input line 3431.
(luatex.def)             Requested size: 256.0748pt x 384.09811pt.
File: ../assets/camisa/costas1.png Graphic file (type png)
<use ../assets/camisa/costas1.png>
Package luatex.def Info: ../assets/camisa/costas1.png  used on input line 3433.

(luatex.def)             Requested size: 34.14322pt x 34.1393pt.
File: ../assets/camisa/costas1.png Graphic file (type png)
<use ../assets/camisa/costas1.png>
Package luatex.def Info: ../assets/camisa/costas1.png  used on input line 3434.

(luatex.def)             Requested size: 34.14322pt x 34.1393pt.
File: ../assets/camisa/costas1.png Graphic file (type png)
<use ../assets/camisa/costas1.png>
Package luatex.def Info: ../assets/camisa/costas1.png  used on input line 3435.

(luatex.def)             Requested size: 34.14322pt x 34.1393pt.
File: ../assets/camisa/costas1.png Graphic file (type png)
<use ../assets/camisa/costas1.png>
Package luatex.def Info: ../assets/camisa/costas1.png  used on input line 3436.

(luatex.def)             Requested size: 34.14322pt x 34.1393pt.
File: ../assets/camisa/costas1.png Graphic file (type png)
<use ../assets/camisa/costas1.png>
Package luatex.def Info: ../assets/camisa/costas1.png  used on input line 3437.

(luatex.def)             Requested size: 34.14322pt x 34.1393pt.
File: ../assets/camisa/costas1.png Graphic file (type png)
<use ../assets/camisa/costas1.png>
Package luatex.def Info: ../assets/camisa/costas1.png  used on input line 3438.

(luatex.def)             Requested size: 34.14322pt x 34.1393pt.
File: ../assets/camisa/costas1.png Graphic file (type png)
<use ../assets/camisa/costas1.png>
Package luatex.def Info: ../assets/camisa/costas1.png  used on input line 3439.

(luatex.def)             Requested size: 34.14322pt x 34.1393pt.
File: ../assets/camisa/costas1.png Graphic file (type png)
<use ../assets/camisa/costas1.png>
Package luatex.def Info: ../assets/camisa/costas1.png  used on input line 3440.

(luatex.def)             Requested size: 34.14322pt x 34.1393pt.
File: ../assets/camisa/costas1.png Graphic file (type png)
<use ../assets/camisa/costas1.png>
Package luatex.def Info: ../assets/camisa/costas1.png  used on input line 3441.

(luatex.def)             Requested size: 34.14322pt x 34.1393pt.
File: ../assets/camisa/costas1.png Graphic file (type png)
<use ../assets/camisa/costas1.png>
Package luatex.def Info: ../assets/camisa/costas1.png  used on input line 3442.

(luatex.def)             Requested size: 34.14322pt x 34.1393pt.
File: ../assets/camisa/costas1.png Graphic file (type png)
<use ../assets/camisa/costas1.png>
Package luatex.def Info: ../assets/camisa/costas1.png  used on input line 3443.

(luatex.def)             Requested size: 34.14322pt x 34.1393pt.

Overfull \hbox (44.50333pt too wide) in paragraph at lines 3445--3446
[][]  
 []



[45]
Package svg Info: Last page of `./svg-inkscape/gremio_svg-tex.pdf' is 1 on inpu
t line 3478.
 (./svg-inkscape/gremio_svg-tex.pdf_tex
File: ./svg-inkscape/gremio_svg-tex.pdf Graphic file (type pdf)
<use ./svg-inkscape/gremio_svg-tex.pdf, page 1>
Package luatex.def Info: ./svg-inkscape/gremio_svg-tex.pdf , page1 used on inpu
t line 56.
(luatex.def)             Requested size: 13.13995pt x 13.13866pt.
)
Package svg Info: Last page of `./svg-inkscape/chapecoense_svg-tex.pdf' is 1 on
 input line 3478.

(./svg-inkscape/chapecoense_svg-tex.pdf_tex
File: ./svg-inkscape/chapecoense_svg-tex.pdf Graphic file (type pdf)
<use ./svg-inkscape/chapecoense_svg-tex.pdf, page 1>
Package luatex.def Info: ./svg-inkscape/chapecoense_svg-tex.pdf , page1 used on
 input line 56.
(luatex.def)             Requested size: 13.74907pt x 13.13596pt.
)
File: ../assets/pitch/pitch.png Graphic file (type png)
<use ../assets/pitch/pitch.png>
Package luatex.def Info: ../assets/pitch/pitch.png  used on input line 3485.
(luatex.def)             Requested size: 256.0748pt x 384.09811pt.
File: ../assets/camisa/costas1.png Graphic file (type png)
<use ../assets/camisa/costas1.png>
Package luatex.def Info: ../assets/camisa/costas1.png  used on input line 3487.

(luatex.def)             Requested size: 34.14322pt x 34.1393pt.
File: ../assets/camisa/costas1.png Graphic file (type png)
<use ../assets/camisa/costas1.png>
Package luatex.def Info: ../assets/camisa/costas1.png  used on input line 3488.

(luatex.def)             Requested size: 34.14322pt x 34.1393pt.
File: ../assets/camisa/costas1.png Graphic file (type png)
<use ../assets/camisa/costas1.png>
Package luatex.def Info: ../assets/camisa/costas1.png  used on input line 3489.

(luatex.def)             Requested size: 34.14322pt x 34.1393pt.
File: ../assets/camisa/costas1.png Graphic file (type png)
<use ../assets/camisa/costas1.png>
Package luatex.def Info: ../assets/camisa/costas1.png  used on input line 3490.

(luatex.def)             Requested size: 34.14322pt x 34.1393pt.
File: ../assets/camisa/costas1.png Graphic file (type png)
<use ../assets/camisa/costas1.png>
Package luatex.def Info: ../assets/camisa/costas1.png  used on input line 3491.

(luatex.def)             Requested size: 34.14322pt x 34.1393pt.
File: ../assets/camisa/costas1.png Graphic file (type png)
<use ../assets/camisa/costas1.png>
Package luatex.def Info: ../assets/camisa/costas1.png  used on input line 3492.

(luatex.def)             Requested size: 34.14322pt x 34.1393pt.
File: ../assets/camisa/costas1.png Graphic file (type png)
<use ../assets/camisa/costas1.png>
Package luatex.def Info: ../assets/camisa/costas1.png  used on input line 3493.

(luatex.def)             Requested size: 34.14322pt x 34.1393pt.
File: ../assets/camisa/costas1.png Graphic file (type png)
<use ../assets/camisa/costas1.png>
Package luatex.def Info: ../assets/camisa/costas1.png  used on input line 3494.

(luatex.def)             Requested size: 34.14322pt x 34.1393pt.
File: ../assets/camisa/costas1.png Graphic file (type png)
<use ../assets/camisa/costas1.png>
Package luatex.def Info: ../assets/camisa/costas1.png  used on input line 3495.

(luatex.def)             Requested size: 34.14322pt x 34.1393pt.
File: ../assets/camisa/costas1.png Graphic file (type png)
<use ../assets/camisa/costas1.png>
Package luatex.def Info: ../assets/camisa/costas1.png  used on input line 3496.

(luatex.def)             Requested size: 34.14322pt x 34.1393pt.
File: ../assets/camisa/costas1.png Graphic file (type png)
<use ../assets/camisa/costas1.png>
Package luatex.def Info: ../assets/camisa/costas1.png  used on input line 3497.

(luatex.def)             Requested size: 34.14322pt x 34.1393pt.

Overfull \hbox (44.50333pt too wide) in paragraph at lines 3499--3500
[][]  
 []

File: ../assets/camisa/costas1.png Graphic file (type png)
<use ../assets/camisa/costas1.png>
Package luatex.def Info: ../assets/camisa/costas1.png  used on input line 3508.

(luatex.def)             Requested size: 22.76228pt x 22.75952pt.
File: ../assets/camisa/costas1.png Graphic file (type png)
<use ../assets/camisa/costas1.png>
Package luatex.def Info: ../assets/camisa/costas1.png  used on input line 3509.

(luatex.def)             Requested size: 22.76228pt x 22.75952pt.
File: ../assets/camisa/costas1.png Graphic file (type png)
<use ../assets/camisa/costas1.png>
Package luatex.def Info: ../assets/camisa/costas1.png  used on input line 3510.

(luatex.def)             Requested size: 22.76228pt x 22.75952pt.
File: ../assets/camisa/costas1.png Graphic file (type png)
<use ../assets/camisa/costas1.png>
Package luatex.def Info: ../assets/camisa/costas1.png  used on input line 3511.

(luatex.def)             Requested size: 22.76228pt x 22.75952pt.
File: ../assets/camisa/costas1.png Graphic file (type png)
<use ../assets/camisa/costas1.png>
Package luatex.def Info: ../assets/camisa/costas1.png  used on input line 3512.

(luatex.def)             Requested size: 22.76228pt x 22.75952pt.
File: ../assets/camisa/costas1.png Graphic file (type png)
<use ../assets/camisa/costas1.png>
Package luatex.def Info: ../assets/camisa/costas1.png  used on input line 3513.

(luatex.def)             Requested size: 22.76228pt x 22.75952pt.
File: ../assets/camisa/costas1.png Graphic file (type png)
<use ../assets/camisa/costas1.png>
Package luatex.def Info: ../assets/camisa/costas1.png  used on input line 3514.

(luatex.def)             Requested size: 22.76228pt x 22.75952pt.
File: ../assets/camisa/costas1.png Graphic file (type png)
<use ../assets/camisa/costas1.png>
Package luatex.def Info: ../assets/camisa/costas1.png  used on input line 3515.

(luatex.def)             Requested size: 22.76228pt x 22.75952pt.
File: ../assets/camisa/costas1.png Graphic file (type png)
<use ../assets/camisa/costas1.png>
Package luatex.def Info: ../assets/camisa/costas1.png  used on input line 3516.

(luatex.def)             Requested size: 22.76228pt x 22.75952pt.
File: ../assets/camisa/costas1.png Graphic file (type png)
<use ../assets/camisa/costas1.png>
Package luatex.def Info: ../assets/camisa/costas1.png  used on input line 3517.

(luatex.def)             Requested size: 22.76228pt x 22.75952pt.
File: ../assets/camisa/costas1.png Graphic file (type png)
<use ../assets/camisa/costas1.png>
Package luatex.def Info: ../assets/camisa/costas1.png  used on input line 3518.

(luatex.def)             Requested size: 22.76228pt x 22.75952pt.

Overfull \hbox (4.90945pt too wide) in paragraph at lines 3504--3520
[]  
 []



[46]
Package svg Info: Last page of `./svg-inkscape/gremio_svg-tex.pdf' is 1 on inpu
t line 3555.
 (./svg-inkscape/gremio_svg-tex.pdf_tex
File: ./svg-inkscape/gremio_svg-tex.pdf Graphic file (type pdf)
<use ./svg-inkscape/gremio_svg-tex.pdf, page 1>
Package luatex.def Info: ./svg-inkscape/gremio_svg-tex.pdf , page1 used on inpu
t line 56.
(luatex.def)             Requested size: 13.13995pt x 13.13866pt.
)
Package svg Info: Last page of `./svg-inkscape/mirassol_svg-tex.pdf' is 1 on in
put line 3555.

(./svg-inkscape/mirassol_svg-tex.pdf_tex
File: ./svg-inkscape/mirassol_svg-tex.pdf Graphic file (type pdf)
<use ./svg-inkscape/mirassol_svg-tex.pdf, page 1>
Package luatex.def Info: ./svg-inkscape/mirassol_svg-tex.pdf , page1 used on in
put line 56.
(luatex.def)             Requested size: 13.41322pt x 13.13985pt.
)
File: ../assets/pitch/pitch.png Graphic file (type png)
<use ../assets/pitch/pitch.png>
Package luatex.def Info: ../assets/pitch/pitch.png  used on input line 3562.
(luatex.def)             Requested size: 256.0748pt x 384.09811pt.
File: ../assets/camisa/costas1.png Graphic file (type png)
<use ../assets/camisa/costas1.png>
Package luatex.def Info: ../assets/camisa/costas1.png  used on input line 3564.

(luatex.def)             Requested size: 34.14322pt x 34.1393pt.
File: ../assets/camisa/costas1.png Graphic file (type png)
<use ../assets/camisa/costas1.png>
Package luatex.def Info: ../assets/camisa/costas1.png  used on input line 3565.

(luatex.def)             Requested size: 34.14322pt x 34.1393pt.
File: ../assets/camisa/costas1.png Graphic file (type png)
<use ../assets/camisa/costas1.png>
Package luatex.def Info: ../assets/camisa/costas1.png  used on input line 3566.

(luatex.def)             Requested size: 34.14322pt x 34.1393pt.
File: ../assets/camisa/costas1.png Graphic file (type png)
<use ../assets/camisa/costas1.png>
Package luatex.def Info: ../assets/camisa/costas1.png  used on input line 3567.

(luatex.def)             Requested size: 34.14322pt x 34.1393pt.
File: ../assets/camisa/costas1.png Graphic file (type png)
<use ../assets/camisa/costas1.png>
Package luatex.def Info: ../assets/camisa/costas1.png  used on input line 3568.

(luatex.def)             Requested size: 34.14322pt x 34.1393pt.
File: ../assets/camisa/costas1.png Graphic file (type png)
<use ../assets/camisa/costas1.png>
Package luatex.def Info: ../assets/camisa/costas1.png  used on input line 3569.

(luatex.def)             Requested size: 34.14322pt x 34.1393pt.
File: ../assets/camisa/costas1.png Graphic file (type png)
<use ../assets/camisa/costas1.png>
Package luatex.def Info: ../assets/camisa/costas1.png  used on input line 3570.

(luatex.def)             Requested size: 34.14322pt x 34.1393pt.
File: ../assets/camisa/costas1.png Graphic file (type png)
<use ../assets/camisa/costas1.png>
Package luatex.def Info: ../assets/camisa/costas1.png  used on input line 3571.

(luatex.def)             Requested size: 34.14322pt x 34.1393pt.
File: ../assets/camisa/costas1.png Graphic file (type png)
<use ../assets/camisa/costas1.png>
Package luatex.def Info: ../assets/camisa/costas1.png  used on input line 3572.

(luatex.def)             Requested size: 34.14322pt x 34.1393pt.
File: ../assets/camisa/costas1.png Graphic file (type png)
<use ../assets/camisa/costas1.png>
Package luatex.def Info: ../assets/camisa/costas1.png  used on input line 3573.

(luatex.def)             Requested size: 34.14322pt x 34.1393pt.
File: ../assets/camisa/costas1.png Graphic file (type png)
<use ../assets/camisa/costas1.png>
Package luatex.def Info: ../assets/camisa/costas1.png  used on input line 3574.

(luatex.def)             Requested size: 34.14322pt x 34.1393pt.

Overfull \hbox (44.50333pt too wide) in paragraph at lines 3576--3577
[][]  
 []



[47]
Package svg Info: Last page of `./svg-inkscape/vitoria_svg-tex.pdf' is 1 on inp
ut line 3609.
 (./svg-inkscape/vitoria_svg-tex.pdf_tex
File: ./svg-inkscape/vitoria_svg-tex.pdf Graphic file (type pdf)
<use ./svg-inkscape/vitoria_svg-tex.pdf, page 1>
Package luatex.def Info: ./svg-inkscape/vitoria_svg-tex.pdf , page1 used on inp
ut line 56.
(luatex.def)             Requested size: 11.46097pt x 13.1359pt.
)
Package svg Info: Last page of `./svg-inkscape/gremio_svg-tex.pdf' is 1 on inpu
t line 3609.

(./svg-inkscape/gremio_svg-tex.pdf_tex
File: ./svg-inkscape/gremio_svg-tex.pdf Graphic file (type pdf)
<use ./svg-inkscape/gremio_svg-tex.pdf, page 1>
Package luatex.def Info: ./svg-inkscape/gremio_svg-tex.pdf , page1 used on inpu
t line 56.
(luatex.def)             Requested size: 13.13995pt x 13.13866pt.
)
File: ../assets/pitch/pitch.png Graphic file (type png)
<use ../assets/pitch/pitch.png>
Package luatex.def Info: ../assets/pitch/pitch.png  used on input line 3616.
(luatex.def)             Requested size: 256.0748pt x 384.09811pt.
File: ../assets/camisa/costas1.png Graphic file (type png)
<use ../assets/camisa/costas1.png>
Package luatex.def Info: ../assets/camisa/costas1.png  used on input line 3618.

(luatex.def)             Requested size: 34.14322pt x 34.1393pt.
File: ../assets/camisa/costas1.png Graphic file (type png)
<use ../assets/camisa/costas1.png>
Package luatex.def Info: ../assets/camisa/costas1.png  used on input line 3619.

(luatex.def)             Requested size: 34.14322pt x 34.1393pt.
File: ../assets/camisa/costas1.png Graphic file (type png)
<use ../assets/camisa/costas1.png>
Package luatex.def Info: ../assets/camisa/costas1.png  used on input line 3620.

(luatex.def)             Requested size: 34.14322pt x 34.1393pt.
File: ../assets/camisa/costas1.png Graphic file (type png)
<use ../assets/camisa/costas1.png>
Package luatex.def Info: ../assets/camisa/costas1.png  used on input line 3621.

(luatex.def)             Requested size: 34.14322pt x 34.1393pt.
File: ../assets/camisa/costas1.png Graphic file (type png)
<use ../assets/camisa/costas1.png>
Package luatex.def Info: ../assets/camisa/costas1.png  used on input line 3622.

(luatex.def)             Requested size: 34.14322pt x 34.1393pt.
File: ../assets/camisa/costas1.png Graphic file (type png)
<use ../assets/camisa/costas1.png>
Package luatex.def Info: ../assets/camisa/costas1.png  used on input line 3623.

(luatex.def)             Requested size: 34.14322pt x 34.1393pt.
File: ../assets/camisa/costas1.png Graphic file (type png)
<use ../assets/camisa/costas1.png>
Package luatex.def Info: ../assets/camisa/costas1.png  used on input line 3624.

(luatex.def)             Requested size: 34.14322pt x 34.1393pt.
File: ../assets/camisa/costas1.png Graphic file (type png)
<use ../assets/camisa/costas1.png>
Package luatex.def Info: ../assets/camisa/costas1.png  used on input line 3625.

(luatex.def)             Requested size: 34.14322pt x 34.1393pt.
File: ../assets/camisa/costas1.png Graphic file (type png)
<use ../assets/camisa/costas1.png>
Package luatex.def Info: ../assets/camisa/costas1.png  used on input line 3626.

(luatex.def)             Requested size: 34.14322pt x 34.1393pt.
File: ../assets/camisa/costas1.png Graphic file (type png)
<use ../assets/camisa/costas1.png>
Package luatex.def Info: ../assets/camisa/costas1.png  used on input line 3627.

(luatex.def)             Requested size: 34.14322pt x 34.1393pt.
File: ../assets/camisa/costas1.png Graphic file (type png)
<use ../assets/camisa/costas1.png>
Package luatex.def Info: ../assets/camisa/costas1.png  used on input line 3628.

(luatex.def)             Requested size: 34.14322pt x 34.1393pt.

Overfull \hbox (44.50333pt too wide) in paragraph at lines 3630--3631
[][]  
 []

File: ../assets/camisa/costas1.png Graphic file (type png)
<use ../assets/camisa/costas1.png>
Package luatex.def Info: ../assets/camisa/costas1.png  used on input line 3639.

(luatex.def)             Requested size: 22.76228pt x 22.75952pt.
File: ../assets/camisa/costas1.png Graphic file (type png)
<use ../assets/camisa/costas1.png>
Package luatex.def Info: ../assets/camisa/costas1.png  used on input line 3640.

(luatex.def)             Requested size: 22.76228pt x 22.75952pt.
File: ../assets/camisa/costas1.png Graphic file (type png)
<use ../assets/camisa/costas1.png>
Package luatex.def Info: ../assets/camisa/costas1.png  used on input line 3641.

(luatex.def)             Requested size: 22.76228pt x 22.75952pt.
File: ../assets/camisa/costas1.png Graphic file (type png)
<use ../assets/camisa/costas1.png>
Package luatex.def Info: ../assets/camisa/costas1.png  used on input line 3642.

(luatex.def)             Requested size: 22.76228pt x 22.75952pt.
File: ../assets/camisa/costas1.png Graphic file (type png)
<use ../assets/camisa/costas1.png>
Package luatex.def Info: ../assets/camisa/costas1.png  used on input line 3643.

(luatex.def)             Requested size: 22.76228pt x 22.75952pt.
File: ../assets/camisa/costas1.png Graphic file (type png)
<use ../assets/camisa/costas1.png>
Package luatex.def Info: ../assets/camisa/costas1.png  used on input line 3644.

(luatex.def)             Requested size: 22.76228pt x 22.75952pt.
File: ../assets/camisa/costas1.png Graphic file (type png)
<use ../assets/camisa/costas1.png>
Package luatex.def Info: ../assets/camisa/costas1.png  used on input line 3645.

(luatex.def)             Requested size: 22.76228pt x 22.75952pt.
File: ../assets/camisa/costas1.png Graphic file (type png)
<use ../assets/camisa/costas1.png>
Package luatex.def Info: ../assets/camisa/costas1.png  used on input line 3646.

(luatex.def)             Requested size: 22.76228pt x 22.75952pt.
File: ../assets/camisa/costas1.png Graphic file (type png)
<use ../assets/camisa/costas1.png>
Package luatex.def Info: ../assets/camisa/costas1.png  used on input line 3647.

(luatex.def)             Requested size: 22.76228pt x 22.75952pt.
File: ../assets/camisa/costas1.png Graphic file (type png)
<use ../assets/camisa/costas1.png>
Package luatex.def Info: ../assets/camisa/costas1.png  used on input line 3648.

(luatex.def)             Requested size: 22.76228pt x 22.75952pt.
File: ../assets/camisa/costas1.png Graphic file (type png)
<use ../assets/camisa/costas1.png>
Package luatex.def Info: ../assets/camisa/costas1.png  used on input line 3649.

(luatex.def)             Requested size: 22.76228pt x 22.75952pt.
File: ../assets/camisa/costas1.png Graphic file (type png)
<use ../assets/camisa/costas1.png>
Package luatex.def Info: ../assets/camisa/costas1.png  used on input line 3650.

(luatex.def)             Requested size: 22.76228pt x 22.75952pt.

Overfull \hbox (4.90945pt too wide) in paragraph at lines 3635--3652
[]  
 []



[48]
Package svg Info: Last page of `./svg-inkscape/gremio_svg-tex.pdf' is 1 on inpu
t line 3688.
 (./svg-inkscape/gremio_svg-tex.pdf_tex
File: ./svg-inkscape/gremio_svg-tex.pdf Graphic file (type pdf)
<use ./svg-inkscape/gremio_svg-tex.pdf, page 1>
Package luatex.def Info: ./svg-inkscape/gremio_svg-tex.pdf , page1 used on inpu
t line 56.
(luatex.def)             Requested size: 13.13995pt x 13.13866pt.
)
Package svg Info: Last page of `./svg-inkscape/vasco_svg-tex.pdf' is 1 on input
 line 3688.

(./svg-inkscape/vasco_svg-tex.pdf_tex
File: ./svg-inkscape/vasco_svg-tex.pdf Graphic file (type pdf)
<use ./svg-inkscape/vasco_svg-tex.pdf, page 1>
Package luatex.def Info: ./svg-inkscape/vasco_svg-tex.pdf , page1 used on input
 line 56.
(luatex.def)             Requested size: 10.39911pt x 13.13919pt.
)
File: ../assets/pitch/pitch.png Graphic file (type png)
<use ../assets/pitch/pitch.png>
Package luatex.def Info: ../assets/pitch/pitch.png  used on input line 3695.
(luatex.def)             Requested size: 256.0748pt x 384.09811pt.
File: ../assets/camisa/costas1.png Graphic file (type png)
<use ../assets/camisa/costas1.png>
Package luatex.def Info: ../assets/camisa/costas1.png  used on input line 3697.

(luatex.def)             Requested size: 34.14322pt x 34.1393pt.
File: ../assets/camisa/costas1.png Graphic file (type png)
<use ../assets/camisa/costas1.png>
Package luatex.def Info: ../assets/camisa/costas1.png  used on input line 3698.

(luatex.def)             Requested size: 34.14322pt x 34.1393pt.
File: ../assets/camisa/costas1.png Graphic file (type png)
<use ../assets/camisa/costas1.png>
Package luatex.def Info: ../assets/camisa/costas1.png  used on input line 3699.

(luatex.def)             Requested size: 34.14322pt x 34.1393pt.
File: ../assets/camisa/costas1.png Graphic file (type png)
<use ../assets/camisa/costas1.png>
Package luatex.def Info: ../assets/camisa/costas1.png  used on input line 3700.

(luatex.def)             Requested size: 34.14322pt x 34.1393pt.
File: ../assets/camisa/costas1.png Graphic file (type png)
<use ../assets/camisa/costas1.png>
Package luatex.def Info: ../assets/camisa/costas1.png  used on input line 3701.

(luatex.def)             Requested size: 34.14322pt x 34.1393pt.
File: ../assets/camisa/costas1.png Graphic file (type png)
<use ../assets/camisa/costas1.png>
Package luatex.def Info: ../assets/camisa/costas1.png  used on input line 3702.

(luatex.def)             Requested size: 34.14322pt x 34.1393pt.
File: ../assets/camisa/costas1.png Graphic file (type png)
<use ../assets/camisa/costas1.png>
Package luatex.def Info: ../assets/camisa/costas1.png  used on input line 3703.

(luatex.def)             Requested size: 34.14322pt x 34.1393pt.
File: ../assets/camisa/costas1.png Graphic file (type png)
<use ../assets/camisa/costas1.png>
Package luatex.def Info: ../assets/camisa/costas1.png  used on input line 3704.

(luatex.def)             Requested size: 34.14322pt x 34.1393pt.
File: ../assets/camisa/costas1.png Graphic file (type png)
<use ../assets/camisa/costas1.png>
Package luatex.def Info: ../assets/camisa/costas1.png  used on input line 3705.

(luatex.def)             Requested size: 34.14322pt x 34.1393pt.

Overfull \hbox (44.50333pt too wide) in paragraph at lines 3707--3708
[][]  
 []

File: ../assets/camisa/costas1.png Graphic file (type png)
<use ../assets/camisa/costas1.png>
Package luatex.def Info: ../assets/camisa/costas1.png  used on input line 3716.

(luatex.def)             Requested size: 22.76228pt x 22.75952pt.
File: ../assets/camisa/costas1.png Graphic file (type png)
<use ../assets/camisa/costas1.png>
Package luatex.def Info: ../assets/camisa/costas1.png  used on input line 3717.

(luatex.def)             Requested size: 22.76228pt x 22.75952pt.
File: ../assets/camisa/costas1.png Graphic file (type png)
<use ../assets/camisa/costas1.png>
Package luatex.def Info: ../assets/camisa/costas1.png  used on input line 3718.

(luatex.def)             Requested size: 22.76228pt x 22.75952pt.
File: ../assets/camisa/costas1.png Graphic file (type png)
<use ../assets/camisa/costas1.png>
Package luatex.def Info: ../assets/camisa/costas1.png  used on input line 3719.

(luatex.def)             Requested size: 22.76228pt x 22.75952pt.
File: ../assets/camisa/costas1.png Graphic file (type png)
<use ../assets/camisa/costas1.png>
Package luatex.def Info: ../assets/camisa/costas1.png  used on input line 3720.

(luatex.def)             Requested size: 22.76228pt x 22.75952pt.
File: ../assets/camisa/costas1.png Graphic file (type png)
<use ../assets/camisa/costas1.png>
Package luatex.def Info: ../assets/camisa/costas1.png  used on input line 3721.

(luatex.def)             Requested size: 22.76228pt x 22.75952pt.
File: ../assets/camisa/costas1.png Graphic file (type png)
<use ../assets/camisa/costas1.png>
Package luatex.def Info: ../assets/camisa/costas1.png  used on input line 3722.

(luatex.def)             Requested size: 22.76228pt x 22.75952pt.
File: ../assets/camisa/costas1.png Graphic file (type png)
<use ../assets/camisa/costas1.png>
Package luatex.def Info: ../assets/camisa/costas1.png  used on input line 3723.

(luatex.def)             Requested size: 22.76228pt x 22.75952pt.
File: ../assets/camisa/costas1.png Graphic file (type png)
<use ../assets/camisa/costas1.png>
Package luatex.def Info: ../assets/camisa/costas1.png  used on input line 3724.

(luatex.def)             Requested size: 22.76228pt x 22.75952pt.
File: ../assets/camisa/costas1.png Graphic file (type png)
<use ../assets/camisa/costas1.png>
Package luatex.def Info: ../assets/camisa/costas1.png  used on input line 3725.

(luatex.def)             Requested size: 22.76228pt x 22.75952pt.
File: ../assets/camisa/costas1.png Graphic file (type png)
<use ../assets/camisa/costas1.png>
Package luatex.def Info: ../assets/camisa/costas1.png  used on input line 3726.

(luatex.def)             Requested size: 22.76228pt x 22.75952pt.
File: ../assets/camisa/costas1.png Graphic file (type png)
<use ../assets/camisa/costas1.png>
Package luatex.def Info: ../assets/camisa/costas1.png  used on input line 3727.

(luatex.def)             Requested size: 22.76228pt x 22.75952pt.

Overfull \hbox (4.90945pt too wide) in paragraph at lines 3712--3729
[]  
 []



[49] (./lineup_report.aux)
 ***********
LaTeX2e <2024-11-01> patch level 2
L3 programming layer <2025-01-18>
 ***********


Package rerunfilecheck Warning: File `lineup_report.out' has changed.
(rerunfilecheck)                Rerun to get outlines right
(rerunfilecheck)                or use package `bookmark'.

Package rerunfilecheck Info: Checksums for `lineup_report.out':
(rerunfilecheck)             Before: <no file>
(rerunfilecheck)             After:  D41D8CD98F00B204E9800998ECF8427E;0.
)

Here is how much of LuaTeX's memory you used:
 27717 strings out of 475512
 100000,1373583 words of node,token memory allocated
 448 words of node memory still in use:
   3 hlist, 1 vlist, 1 rule, 2 glue, 3 kern, 1 glyph, 5 attribute, 55 glue_spec,
 5 attribute_list, 2 write nodes
   avail lists: 2:2362,3:913,4:40,5:285,6:325,7:5003,8:1,9:1314,10:3,11:128
 46243 multiletter control sequences out of 65536+600000
 45 fonts using 3981183 bytes
 102i,14n,101p,427b,920s stack positions out of 10000i,1000n,20000p,200000b,200000s
</usr/share/texmf/fonts/opentype/public/lm/lmroman9-regular.otf></usr/share/texm
f/fonts/opentype/public/lm/lmroman10-regular.otf></usr/share/texmf/fonts/opentyp
e/public/lm/lmroman10-bold.otf></usr/share/texmf/fonts/opentype/public/lm/lmroma
n12-bold.otf>
Output written on lineup_report.pdf (49 pages, 3945492 bytes).

PDF statistics: 418 PDF objects out of 1000 (max. 8388607)
 254 compressed objects within 3 object streams
 123 named destinations out of 1000 (max. 131072)
 16 words of extra memory for PDF output out of 10000 (max. 100000000)

